instance,seed,events,students,rooms,precedences,conflict_density,solver,hard,soft,unassigned,student_clashes,room_clashes,capacity_violations,feature_violations,unavailable_slots,precedence_violations,last_period,consecutive,single_class_days,itc_unplaced,itc_distance_to_feasibility,itc_soft,iterations,millis
comp-2007-2-1,1,400,500,10,40,0.3343,random,2123,2678,0,1958,146,0,0,0,19,1798,733,147,92,2397,1675,400,13.469
comp-2007-2-1,1,400,500,10,40,0.3343,greedy-input,211,2746,0,159,6,0,31,0,15,1216,1484,46,79,2083,1812,400,28.559
comp-2007-2-1,1,400,500,10,40,0.3343,greedy-random,268,2616,0,230,6,0,20,0,12,1229,1333,54,82,2187,1739,400,36.202
comp-2007-2-1,1,400,500,10,40,0.3343,greedy-largest-degree,174,2802,0,132,4,0,23,0,15,1353,1404,45,71,1707,2151,400,66.478
comp-2007-2-1,1,400,500,10,40,0.3343,greedy-dsatur,129,2786,0,90,3,0,22,0,14,1173,1558,55,71,1783,2200,400,24.469
comp-2007-2-1,1,400,500,10,40,0.3343,descent(greedy-dsatur),79,2629,0,55,8,0,4,3,9,1195,1396,38,53,1336,2228,1000000,15895.973
comp-2007-2-1,1,400,500,10,40,0.3343,sa(greedy-dsatur),71,2632,0,45,12,0,3,2,9,1205,1390,37,48,1262,2306,1000000,12767.671
comp-2007-2-1,2,400,500,10,40,0.3343,random,2515,2893,0,2340,151,0,0,0,24,1992,720,181,94,2445,1768,400,0.816
comp-2007-2-1,2,400,500,10,40,0.3343,greedy-input,211,2746,0,159,6,0,31,0,15,1216,1484,46,79,2083,1812,400,19.246
comp-2007-2-1,2,400,500,10,40,0.3343,greedy-random,264,2746,0,207,3,0,37,0,17,1313,1394,39,80,2199,1932,400,25.692
comp-2007-2-1,2,400,500,10,40,0.3343,greedy-largest-degree,182,2679,0,132,5,0,32,0,13,1259,1387,33,77,1961,1863,400,15.500
comp-2007-2-1,2,400,500,10,40,0.3343,greedy-dsatur,115,2658,0,82,2,0,20,0,11,1123,1480,55,59,1371,2192,400,25.383
comp-2007-2-1,2,400,500,10,40,0.3343,descent(greedy-dsatur),62,2503,0,39,11,0,3,4,5,1134,1351,18,45,1102,2140,1000000,15245.669
comp-2007-2-1,2,400,500,10,40,0.3343,sa(greedy-dsatur),64,2551,0,37,9,0,6,5,7,1110,1396,45,45,1016,2212,1000000,19409.395
comp-2007-2-1,3,400,500,10,40,0.3343,random,2353,2985,0,2168,163,0,0,0,22,2058,755,172,98,2571,1503,400,1.235
comp-2007-2-1,3,400,500,10,40,0.3343,greedy-input,211,2746,0,159,6,0,31,0,15,1216,1484,46,79,2083,1812,400,36.282
comp-2007-2-1,3,400,500,10,40,0.3343,greedy-random,239,2637,0,182,4,0,34,0,19,1160,1428,49,78,2075,1777,400,46.177
comp-2007-2-1,3,400,500,10,40,0.3343,greedy-largest-degree,188,2629,0,150,1,0,25,0,12,1254,1346,29,76,1858,1878,400,119.706
comp-2007-2-1,3,400,500,10,40,0.3343,greedy-dsatur,125,2803,0,94,3,0,20,0,8,1240,1508,55,68,1769,2132,400,28.476
comp-2007-2-1,3,400,500,10,40,0.3343,descent(greedy-dsatur),81,2534,0,59,7,0,3,3,9,1169,1341,24,56,1525,2088,1000000,15896.222
comp-2007-2-1,3,400,500,10,40,0.3343,sa(greedy-dsatur),70,2589,0,47,7,0,5,4,7,1222,1333,34,56,1467,2160,1000000,13393.044
comp-2007-2-1,4,400,500,10,40,0.3343,random,2184,2759,0,2016,149,0,0,0,19,1792,783,184,103,2567,1575,400,0.695
comp-2007-2-1,4,400,500,10,40,0.3343,greedy-input,211,2746,0,159,6,0,31,0,15,1216,1484,46,79,2083,1812,400,17.910
comp-2007-2-1,4,400,500,10,40,0.3343,greedy-random,227,2841,0,174,6,0,31,0,16,1265,1519,57,78,2160,2007,400,36.066
comp-2007-2-1,4,400,500,10,40,0.3343,greedy-largest-degree,185,2663,0,150,5,0,18,0,12,1224,1405,34,78,1983,1915,400,25.183
comp-2007-2-1,4,400,500,10,40,0.3343,greedy-dsatur,130,2827,0,98,2,0,21,0,9,1319,1464,44,64,1590,2319,400,28.037
comp-2007-2-1,4,400,500,10,40,0.3343,descent(greedy-dsatur),78,2668,0,47,14,0,6,5,6,1254,1380,34,50,1295,2225,1000000,13498.230
comp-2007-2-1,4,400,500,10,40,0.3343,sa(greedy-dsatur),96,2673,0,67,13,0,7,2,7,1281,1352,40,59,1494,2213,1000000,12875.955
comp-2007-2-1,5,400,500,10,40,0.3343,random,2314,3101,0,2142,154,0,0,0,18,2251,688,162,92,2400,1756,400,0.872
comp-2007-2-1,5,400,500,10,40,0.3343,greedy-input,211,2746,0,159,6,0,31,0,15,1216,1484,46,79,2083,1812,400,18.284
comp-2007-2-1,5,400,500,10,40,0.3343,greedy-random,233,2649,0,186,3,0,30,0,14,1281,1327,41,78,2130,1784,400,29.764
comp-2007-2-1,5,400,500,10,40,0.3343,greedy-largest-degree,176,2727,0,140,3,0,20,0,13,1336,1353,38,81,2030,1968,400,30.305
comp-2007-2-1,5,400,500,10,40,0.3343,greedy-dsatur,118,2787,0,78,2,0,32,0,6,1273,1462,52,62,1592,2195,400,24.669
comp-2007-2-1,5,400,500,10,40,0.3343,descent(greedy-dsatur),69,2722,0,51,4,0,7,2,5,1232,1439,51,49,1209,2185,1000000,9877.770
comp-2007-2-1,5,400,500,10,40,0.3343,sa(greedy-dsatur),61,2702,0,40,9,0,6,2,4,1238,1432,32,47,1201,2258,1000000,9354.442
comp-2007-2-1,6,400,500,10,40,0.3343,random,2302,3342,0,2129,155,0,0,0,18,2388,791,163,93,2328,1684,400,0.470
comp-2007-2-1,6,400,500,10,40,0.3343,greedy-input,211,2746,0,159,6,0,31,0,15,1216,1484,46,79,2083,1812,400,18.999
comp-2007-2-1,6,400,500,10,40,0.3343,greedy-random,260,2619,0,216,3,0,33,0,8,1115,1456,48,89,2457,1806,400,15.191
comp-2007-2-1,6,400,500,10,40,0.3343,greedy-largest-degree,193,2649,0,149,2,0,26,0,16,1276,1336,37,76,1900,2045,400,20.929
comp-2007-2-1,6,400,500,10,40,0.3343,greedy-dsatur,129,2807,0,93,1,0,25,0,10,1142,1617,48,68,1742,2252,400,20.649
comp-2007-2-1,6,400,500,10,40,0.3343,descent(greedy-dsatur),78,2576,0,54,6,0,5,3,10,1142,1414,20,51,1325,2104,1000000,11720.575
comp-2007-2-1,6,400,500,10,40,0.3343,sa(greedy-dsatur),81,2539,0,53,11,0,7,4,6,1116,1386,37,58,1487,2072,1000000,11184.990
comp-2007-2-1,7,400,500,10,40,0.3343,random,2336,2588,0,2167,148,0,0,0,21,1847,587,154,89,2294,1608,400,0.788
comp-2007-2-1,7,400,500,10,40,0.3343,greedy-input,211,2746,0,159,6,0,31,0,15,1216,1484,46,79,2083,1812,400,29.611
comp-2007-2-1,7,400,500,10,40,0.3343,greedy-random,228,2662,0,186,4,0,28,0,10,1157,1464,41,86,2317,1774,400,21.820
comp-2007-2-1,7,400,500,10,40,0.3343,greedy-largest-degree,185,2694,0,136,5,0,28,0,16,1279,1368,47,80,1963,1964,400,19.769
comp-2007-2-1,7,400,500,10,40,0.3343,greedy-dsatur,132,2814,0,86,5,0,27,0,14,1200,1560,54,67,1755,2266,400,12.496
comp-2007-2-1,7,400,500,10,40,0.3343,descent(greedy-dsatur),88,2539,0,53,11,0,7,6,11,1184,1321,34,56,1500,2056,1000000,10152.781
comp-2007-2-1,7,400,500,10,40,0.3343,sa(greedy-dsatur),66,2538,0,35,9,0,5,5,12,1133,1369,36,48,1252,2137,1000000,10176.609
comp-2007-2-1,8,400,500,10,40,0.3343,random,2419,2630,0,2242,153,0,0,0,24,1834,645,151,94,2357,1756,400,0.460
comp-2007-2-1,8,400,500,10,40,0.3343,greedy-input,211,2746,0,159,6,0,31,0,15,1216,1484,46,79,2083,1812,400,31.389
comp-2007-2-1,8,400,500,10,40,0.3343,greedy-random,269,2662,0,227,5,0,26,0,11,1252,1363,47,85,2256,1896,400,17.350
comp-2007-2-1,8,400,500,10,40,0.3343,greedy-largest-degree,181,2934,0,136,0,0,29,0,16,1331,1546,57,78,1857,2079,400,19.174
comp-2007-2-1,8,400,500,10,40,0.3343,greedy-dsatur,130,2793,0,95,1,0,24,0,10,1142,1603,48,68,1752,2252,400,17.864
comp-2007-2-1,8,400,500,10,40,0.3343,descent(greedy-dsatur),78,2572,0,48,6,0,7,8,9,1161,1377,34,58,1483,2064,1000000,9632.040
comp-2007-2-1,8,400,500,10,40,0.3343,sa(greedy-dsatur),74,2583,0,40,10,0,9,7,8,1100,1444,39,52,1354,2129,1000000,8650.391
comp-2007-2-1,9,400,500,10,40,0.3343,random,2330,2850,0,2148,157,0,0,0,25,2043,656,151,92,2331,1703,400,0.764
comp-2007-2-1,9,400,500,10,40,0.3343,greedy-input,211,2746,0,159,6,0,31,0,15,1216,1484,46,79,2083,1812,400,20.679
comp-2007-2-1,9,400,500,10,40,0.3343,greedy-random,257,2760,0,215,3,0,27,0,12,1273,1421,66,84,2217,1834,400,15.640
comp-2007-2-1,9,400,500,10,40,0.3343,greedy-largest-degree,172,2509,0,137,5,0,22,0,8,1162,1322,25,74,1879,1908,400,13.140
comp-2007-2-1,9,400,500,10,40,0.3343,greedy-dsatur,143,2762,0,100,1,0,32,0,10,1359,1353,50,66,1714,2156,400,16.767
comp-2007-2-1,9,400,500,10,40,0.3343,descent(greedy-dsatur),89,2640,0,64,12,0,4,2,7,1301,1306,33,56,1379,2254,1000000,10909.512
comp-2007-2-1,9,400,500,10,40,0.3343,sa(greedy-dsatur),89,2664,0,68,9,0,4,2,6,1270,1360,34,59,1500,2212,1000000,12191.276
comp-2007-2-1,10,400,500,10,40,0.3343,random,2062,3050,0,1894,152,0,0,0,16,2098,775,177,87,2244,1694,400,3.250
comp-2007-2-1,10,400,500,10,40,0.3343,greedy-input,211,2746,0,159,6,0,31,0,15,1216,1484,46,79,2083,1812,400,37.171
comp-2007-2-1,10,400,500,10,40,0.3343,greedy-random,244,2793,0,196,3,0,29,0,16,1310,1428,55,82,2201,1987,400,32.990
comp-2007-2-1,10,400,500,10,40,0.3343,greedy-largest-degree,164,2760,0,126,1,0,24,0,13,1245,1464,51,69,1804,2095,400,22.317
comp-2007-2-1,10,400,500,10,40,0.3343,greedy-dsatur,125,2803,0,94,3,0,20,0,8,1240,1508,55,68,1769,2132,400,24.713
comp-2007-2-1,10,400,500,10,40,0.3343,descent(greedy-dsatur),89,2703,0,66,8,0,4,3,8,1266,1396,41,59,1549,2343,1000000,10061.032
comp-2007-2-1,10,400,500,10,40,0.3343,sa(greedy-dsatur),60,2571,0,37,10,0,4,3,6,1176,1358,37,45,1197,2173,1000000,11390.294
comp-2007-2-2,1,400,500,10,36,0.3663,random,2433,3482,0,2269,145,0,0,0,19,2571,727,184,113,2760,1627,400,23.445
comp-2007-2-2,1,400,500,10,36,0.3663,greedy-input,266,2709,0,205,2,0,46,0,13,1178,1495,36,94,2508,1721,400,54.499
comp-2007-2-2,1,400,500,10,36,0.3663,greedy-random,265,2757,0,207,4,0,42,0,12,1178,1520,59,89,2341,1845,400,63.391
comp-2007-2-2,1,400,500,10,36,0.3663,greedy-largest-degree,210,2759,0,157,6,0,37,0,10,1160,1553,46,87,2159,1812,400,40.924
comp-2007-2-2,1,400,500,10,36,0.3663,greedy-dsatur,175,2722,0,118,3,0,42,0,12,1088,1586,48,80,1986,1999,400,35.415
comp-2007-2-2,1,400,500,10,36,0.3663,descent(greedy-dsatur),105,2580,0,71,19,0,5,5,5,1164,1380,36,59,1557,2211,1000000,18479.464
comp-2007-2-2,1,400,500,10,36,0.3663,sa(greedy-dsatur),112,2607,0,71,21,0,6,7,7,1121,1445,41,68,1721,1923,1000000,11348.076
comp-2007-2-2,2,400,500,10,36,0.3663,random,2378,2927,0,2201,157,0,0,0,20,2032,720,175,104,2559,1747,400,2.227
comp-2007-2-2,2,400,500,10,36,0.3663,greedy-input,266,2709,0,205,2,0,46,0,13,1178,1495,36,94,2508,1721,400,23.289
comp-2007-2-2,2,400,500,10,36,0.3663,greedy-random,263,2667,0,202,2,0,49,0,10,1222,1399,46,93,2460,1694,400,18.134
comp-2007-2-2,2,400,500,10,36,0.3663,greedy-largest-degree,235,2707,0,179,2,0,43,0,11,1250,1411,46,92,2282,1831,400,22.160
comp-2007-2-2,2,400,500,10,36,0.3663,greedy-dsatur,190,2636,0,134,5,0,41,0,10,1092,1493,51,80,2045,1930,400,14.677
comp-2007-2-2,2,400,500,10,36,0.3663,descent(greedy-dsatur),104,2604,0,74,10,0,9,5,6,1142,1429,33,68,1697,1929,1000000,15578.692
comp-2007-2-2,2,400,500,10,36,0.3663,sa(greedy-dsatur),103,2592,0,71,16,0,8,3,5,1109,1436,47,66,1710,1970,1000000,19907.729
comp-2007-2-2,3,400,500,10,36,0.3663,random,2367,3278,0,2213,139,0,0,0,15,2372,725,181,107,2692,1654,400,1.126
comp-2007-2-2,3,400,500,10,36,0.3663,greedy-input,266,2709,0,205,2,0,46,0,13,1178,1495,36,94,2508,1721,400,53.272
comp-2007-2-2,3,400,500,10,36,0.3663,greedy-random,301,2493,0,238,4,0,46,0,13,1154,1283,56,92,2470,1783,400,29.008
comp-2007-2-2,3,400,500,10,36,0.3663,greedy-largest-degree,211,2772,0,159,2,0,40,0,10,1289,1446,37,87,2118,1977,400,23.895
comp-2007-2-2,3,400,500,10,36,0.3663,greedy-dsatur,176,2530,0,111,3,0,52,0,10,1068,1429,33,79,1932,1857,400,24.508
comp-2007-2-2,3,400,500,10,36,0.3663,descent(greedy-dsatur),83,2468,0,51,15,0,6,3,8,1131,1317,20,60,1502,1934,1000000,15009.313
comp-2007-2-2,3,400,500,10,36,0.3663,sa(greedy-dsatur),79,2518,0,50,13,0,6,2,8,1093,1392,33,53,1355,2052,1000000,13731.514
comp-2007-2-2,4,400,500,10,36,0.3663,random,2304,3014,0,2147,138,0,0,0,19,2166,683,165,110,2737,1591,400,0.440
comp-2007-2-2,4,400,500,10,36,0.3663,greedy-input,266,2709,0,205,2,0,46,0,13,1178,1495,36,94,2508,1721,400,15.441
comp-2007-2-2,4,400,500,10,36,0.3663,greedy-random,285,2598,0,224,2,0,47,0,12,1146,1412,40,87,2317,1761,400,24.604
comp-2007-2-2,4,400,500,10,36,0.3663,greedy-largest-degree,203,2768,0,153,4,0,36,0,10,1385,1322,61,85,2093,2108,400,55.920
comp-2007-2-2,4,400,500,10,36,0.3663,greedy-dsatur,190,2671,0,126,3,0,48,0,13,1192,1442,37,79,1958,2000,400,30.620
comp-2007-2-2,4,400,500,10,36,0.3663,descent(greedy-dsatur),106,2534,0,69,16,0,6,4,11,1099,1402,33,64,1620,2051,1000000,13519.811
comp-2007-2-2,4,400,500,10,36,0.3663,sa(greedy-dsatur),96,2525,0,66,14,0,4,3,9,1049,1438,38,64,1647,1946,1000000,12696.557
comp-2007-2-2,5,400,500,10,36,0.3663,random,2328,3060,0,2161,144,0,0,0,23,2396,525,139,96,2338,1710,400,0.657
comp-2007-2-2,5,400,500,10,36,0.3663,greedy-input,266,2709,0,205,2,0,46,0,13,1178,1495,36,94,2508,1721,400,15.184
comp-2007-2-2,5,400,500,10,36,0.3663,greedy-random,301,2727,0,240,3,0,45,0,13,1274,1397,56,94,2428,1834,400,19.338
comp-2007-2-2,5,400,500,10,36,0.3663,greedy-largest-degree,231,2731,0,176,5,0,40,0,10,1277,1402,52,86,2187,1943,400,23.172
comp-2007-2-2,5,400,500,10,36,0.3663,greedy-dsatur,176,2530,0,111,3,0,52,0,10,1068,1429,33,79,1932,1857,400,18.119
comp-2007-2-2,5,400,500,10,36,0.3663,descent(greedy-dsatur),90,2546,0,59,18,0,3,2,8,1156,1356,34,63,1599,1958,1000000,9435.724
comp-2007-2-2,5,400,500,10,36,0.3663,sa(greedy-dsatur),85,2269,0,57,13,0,5,4,6,1036,1214,19,55,1371,1830,1000000,10204.330
comp-2007-2-2,6,400,500,10,36,0.3663,random,2309,3076,0,2118,163,0,0,0,28,2287,621,168,98,2401,1769,400,1.049
comp-2007-2-2,6,400,500,10,36,0.3663,greedy-input,266,2709,0,205,2,0,46,0,13,1178,1495,36,94,2508,1721,400,23.567
comp-2007-2-2,6,400,500,10,36,0.3663,greedy-random,304,2720,0,237,3,0,52,0,12,1223,1457,40,99,2572,1706,400,71.396
comp-2007-2-2,6,400,500,10,36,0.3663,greedy-largest-degree,216,2835,0,156,1,0,48,0,11,1270,1504,61,92,2296,1929,400,23.816
comp-2007-2-2,6,400,500,10,36,0.3663,greedy-dsatur,176,2530,0,111,3,0,52,0,10,1068,1429,33,79,1932,1857,400,21.424
comp-2007-2-2,6,400,500,10,36,0.3663,descent(greedy-dsatur),85,2394,0,51,14,0,8,3,9,1070,1294,30,57,1414,1923,1000000,10697.945
comp-2007-2-2,6,400,500,10,36,0.3663,sa(greedy-dsatur),90,2499,0,56,11,0,11,2,10,1084,1382,33,58,1446,1957,1000000,11021.114
comp-2007-2-2,7,400,500,10,36,0.3663,random,2329,3130,0,2170,141,0,0,0,18,2144,814,172,107,2679,1616,400,0.484
comp-2007-2-2,7,400,500,10,36,0.3663,greedy-input,266,2709,0,205,2,0,46,0,13,1178,1495,36,94,2508,1721,400,21.041
comp-2007-2-2,7,400,500,10,36,0.3663,greedy-random,284,2551,0,217,2,0,47,0,18,1129,1394,28,94,2472,1720,400,25.597
comp-2007-2-2,7,400,500,10,36,0.3663,greedy-largest-degree,204,2704,0,147,4,0,43,0,10,1264,1410,30,91,2203,1838,400,20.841
comp-2007-2-2,7,400,500,10,36,0.3663,greedy-dsatur,157,2580,0,101,8,0,37,0,11,1072,1458,50,82,2010,2009,400,16.543
comp-2007-2-2,7,400,500,10,36,0.3663,descent(greedy-dsatur),101,2541,0,66,12,0,8,7,8,1084,1412,45,67,1725,1966,1000000,10275.508
comp-2007-2-2,7,400,500,10,36,0.3663,sa(greedy-dsatur),89,2562,0,61,17,0,3,2,6,1052,1462,48,61,1573,2009,1000000,10441.102
comp-2007-2-2,8,400,500,10,36,0.3663,random,2556,2855,0,2375,161,0,0,0,20,2076,598,181,101,2542,1689,400,0.639
comp-2007-2-2,8,400,500,10,36,0.3663,greedy-input,266,2709,0,205,2,0,46,0,13,1178,1495,36,94,2508,1721,400,25.193
comp-2007-2-2,8,400,500,10,36,0.3663,greedy-random,278,2701,0,218,3,0,45,0,12,1196,1464,41,93,2448,1789,400,22.094
comp-2007-2-2,8,400,500,10,36,0.3663,greedy-largest-degree,201,2756,0,147,1,0,43,0,10,1317,1399,40,84,2119,2130,400,27.886
comp-2007-2-2,8,400,500,10,36,0.3663,greedy-dsatur,190,2636,0,134,5,0,41,0,10,1092,1493,51,80,2045,1930,400,19.177
comp-2007-2-2,8,400,500,10,36,0.3663,descent(greedy-dsatur),104,2605,0,74,17,0,6,2,5,1150,1412,43,67,1688,2002,1000000,9090.931
comp-2007-2-2,8,400,500,10,36,0.3663,sa(greedy-dsatur),109,2692,0,73,14,0,10,5,7,1195,1455,42,66,1678,2002,1000000,9094.241
comp-2007-2-2,9,400,500,10,36,0.3663,random,2376,2881,0,2219,147,0,0,0,10,2032,676,173,102,2552,1640,400,0.527
comp-2007-2-2,9,400,500,10,36,0.3663,greedy-input,266,2709,0,205,2,0,46,0,13,1178,1495,36,94,2508,1721,400,28.004
comp-2007-2-2,9,400,500,10,36,0.3663,greedy-random,309,2565,0,241,6,0,46,0,16,1101,1428,36,100,2706,1788,400,23.952
comp-2007-2-2,9,400,500,10,36,0.3663,greedy-largest-degree,217,2800,0,157,1,0,48,0,11,1293,1474,33,92,2281,1979,400,30.330
comp-2007-2-2,9,400,500,10,36,0.3663,greedy-dsatur,176,2535,0,110,3,0,53,0,10,1068,1433,34,79,1932,1855,400,44.640
comp-2007-2-2,9,400,500,10,36,0.3663,descent(greedy-dsatur),104,2453,0,69,12,0,8,7,8,1021,1409,23,62,1579,1919,1000000,11635.509
comp-2007-2-2,9,400,500,10,36,0.3663,sa(greedy-dsatur),101,2485,0,68,14,0,6,5,8,1084,1373,28,64,1572,2025,1000000,11882.733
comp-2007-2-2,10,400,500,10,36,0.3663,random,2211,2925,0,2045,146,0,0,0,20,1870,858,197,105,2563,1632,400,0.500
comp-2007-2-2,10,400,500,10,36,0.3663,greedy-input,266,2709,0,205,2,0,46,0,13,1178,1495,36,94,2508,1721,400,18.214
comp-2007-2-2,10,400,500,10,36,0.3663,greedy-random,299,2745,0,235,1,0,50,0,13,1266,1427,52,101,2623,1782,400,16.675
comp-2007-2-2,10,400,500,10,36,0.3663,greedy-largest-degree,223,2574,0,163,2,0,45,0,13,1183,1354,37,90,2248,1865,400,22.107
comp-2007-2-2,10,400,500,10,36,0.3663,greedy-dsatur,190,2671,0,126,3,0,48,0,13,1192,1442,37,79,1958,2000,400,29.743
comp-2007-2-2,10,400,500,10,36,0.3663,descent(greedy-dsatur),111,2518,0,79,13,0,5,5,9,1065,1416,37,64,1608,1961,1000000,9930.803
comp-2007-2-2,10,400,500,10,36,0.3663,sa(greedy-dsatur),99,2599,0,68,12,0,5,3,11,1111,1444,44,67,1671,1988,1000000,11347.906
comp-2007-2-3,1,200,1000,20,20,0.4723,random,1782,4195,0,1747,28,0,0,0,7,2610,574,1011,24,1874,2481,200,17.065
comp-2007-2-3,1,200,1000,20,20,0.4723,greedy-input,55,2643,0,50,0,0,1,0,4,1254,587,802,19,1566,2459,200,322.597
comp-2007-2-3,1,200,1000,20,20,0.4723,greedy-random,70,2665,0,57,0,1,0,0,12,1548,553,564,21,1663,2511,200,70.516
comp-2007-2-3,1,200,1000,20,20,0.4723,greedy-largest-degree,19,2242,0,12,0,1,1,0,5,1061,616,565,16,1116,2302,200,36.081
comp-2007-2-3,1,200,1000,20,20,0.4723,greedy-dsatur,11,2121,0,8,0,0,1,0,2,1044,501,576,7,571,2142,200,95.883
comp-2007-2-3,1,200,1000,20,20,0.4723,descent(greedy-dsatur),6,1948,0,4,0,0,0,0,2,1011,401,536,6,426,2021,1000000,26444.481
comp-2007-2-3,1,200,1000,20,20,0.4723,sa(greedy-dsatur),1,1529,0,1,0,0,0,0,0,860,273,396,1,65,1535,1000000,28353.145
comp-2007-2-3,2,200,1000,20,20,0.4723,random,2062,4375,0,2022,30,0,0,0,10,2862,384,1129,27,2073,2300,200,0.467
comp-2007-2-3,2,200,1000,20,20,0.4723,greedy-input,55,2643,0,50,0,0,1,0,4,1254,587,802,19,1566,2459,200,15.522
comp-2007-2-3,2,200,1000,20,20,0.4723,greedy-random,56,2671,0,49,0,1,1,0,5,1466,555,650,21,1592,2305,200,43.591
comp-2007-2-3,2,200,1000,20,20,0.4723,greedy-largest-degree,22,2350,0,18,0,0,0,0,4,1314,534,502,10,590,2341,200,24.963
comp-2007-2-3,2,200,1000,20,20,0.4723,greedy-dsatur,15,2254,0,13,0,0,1,0,1,1062,675,517,9,655,2226,200,29.793
comp-2007-2-3,2,200,1000,20,20,0.4723,descent(greedy-dsatur),9,1711,0,7,0,0,0,1,1,882,393,436,7,496,1731,1000000,29108.085
comp-2007-2-3,2,200,1000,20,20,0.4723,sa(greedy-dsatur),3,1497,0,1,0,0,1,0,1,866,268,363,3,220,1558,1000000,23678.618
comp-2007-2-3,3,200,1000,20,20,0.4723,random,1652,3388,0,1616,24,0,0,0,12,2116,374,898,29,2194,2298,200,0.392
comp-2007-2-3,3,200,1000,20,20,0.4723,greedy-input,55,2643,0,50,0,0,1,0,4,1254,587,802,19,1566,2459,200,53.225
comp-2007-2-3,3,200,1000,20,20,0.4723,greedy-random,47,2776,0,41,0,0,1,0,5,1482,591,703,21,1586,2394,200,15.969
comp-2007-2-3,3,200,1000,20,20,0.4723,greedy-largest-degree,19,2334,0,13,0,0,1,0,5,1144,597,593,10,634,2325,200,31.150
comp-2007-2-3,3,200,1000,20,20,0.4723,greedy-dsatur,15,2254,0,13,0,0,1,0,1,1062,675,517,9,655,2226,200,40.803
comp-2007-2-3,3,200,1000,20,20,0.4723,descent(greedy-dsatur),8,1759,0,6,0,0,1,0,1,962,376,421,6,422,1742,1000000,21866.803
comp-2007-2-3,3,200,1000,20,20,0.4723,sa(greedy-dsatur),0,1575,0,0,0,0,0,0,0,970,189,416,0,0,1575,1000000,16190.159
comp-2007-2-3,4,200,1000,20,20,0.4723,random,1797,3735,0,1758,29,0,0,0,10,2424,298,1013,26,2028,2143,200,0.604
comp-2007-2-3,4,200,1000,20,20,0.4723,greedy-input,55,2643,0,50,0,0,1,0,4,1254,587,802,19,1566,2459,200,15.702
comp-2007-2-3,4,200,1000,20,20,0.4723,greedy-random,59,2722,0,52,0,0,0,0,7,1252,808,662,20,1563,2530,200,14.577
comp-2007-2-3,4,200,1000,20,20,0.4723,greedy-largest-degree,22,2414,0,17,0,0,2,0,3,1119,643,652,12,820,2469,200,16.043
comp-2007-2-3,4,200,1000,20,20,0.4723,greedy-dsatur,13,2365,0,10,0,0,2,0,1,1282,538,545,10,635,2453,200,20.190
comp-2007-2-3,4,200,1000,20,20,0.4723,descent(greedy-dsatur),5,2052,0,4,0,0,0,0,1,1186,430,436,5,341,2095,1000000,19340.423
comp-2007-2-3,4,200,1000,20,20,0.4723,sa(greedy-dsatur),1,1186,0,1,0,0,0,0,0,613,219,354,1,91,1192,1000000,17427.805
comp-2007-2-3,5,200,1000,20,20,0.4723,random,1881,4221,0,1841,27,0,0,0,13,2773,327,1121,30,2285,2308,200,0.393
comp-2007-2-3,5,200,1000,20,20,0.4723,greedy-input,55,2643,0,50,0,0,1,0,4,1254,587,802,19,1566,2459,200,17.655
comp-2007-2-3,5,200,1000,20,20,0.4723,greedy-random,55,2668,0,49,0,0,0,0,6,1425,535,708,17,1361,2561,200,15.760
comp-2007-2-3,5,200,1000,20,20,0.4723,greedy-largest-degree,17,2225,0,11,0,0,1,0,5,933,692,600,13,831,2182,200,14.259
comp-2007-2-3,5,200,1000,20,20,0.4723,greedy-dsatur,11,2121,0,8,0,0,1,0,2,1044,501,576,7,571,2142,200,21.149
comp-2007-2-3,5,200,1000,20,20,0.4723,descent(greedy-dsatur),7,1977,0,5,0,0,0,0,2,1011,487,479,6,431,2006,1000000,16830.620
comp-2007-2-3,5,200,1000,20,20,0.4723,sa(greedy-dsatur),0,1426,0,0,0,0,0,0,0,668,324,434,0,0,1426,1000000,16230.438
comp-2007-2-3,6,200,1000,20,20,0.4723,random,1935,3682,0,1901,26,0,0,0,8,2119,427,1136,22,1634,2148,200,0.650
comp-2007-2-3,6,200,1000,20,20,0.4723,greedy-input,55,2643,0,50,0,0,1,0,4,1254,587,802,19,1566,2459,200,16.832
comp-2007-2-3,6,200,1000,20,20,0.4723,greedy-random,45,2560,0,37,0,0,3,0,5,1384,560,616,20,1534,2404,200,22.426
comp-2007-2-3,6,200,1000,20,20,0.4723,greedy-largest-degree,12,2349,0,7,0,0,0,0,5,1187,525,637,9,526,2387,200,16.752
comp-2007-2-3,6,200,1000,20,20,0.4723,greedy-dsatur,13,2365,0,10,0,0,2,0,1,1282,538,545,10,635,2453,200,26.872
comp-2007-2-3,6,200,1000,20,20,0.4723,descent(greedy-dsatur),4,2184,0,4,0,0,0,0,0,1284,470,430,3,256,2214,1000000,20535.255
comp-2007-2-3,6,200,1000,20,20,0.4723,sa(greedy-dsatur),1,1960,0,1,0,0,0,0,0,931,573,456,1,71,1992,1000000,18903.082
comp-2007-2-3,7,200,1000,20,20,0.4723,random,2026,4212,0,1982,34,0,0,0,10,2932,273,1007,24,1971,2347,200,1.029
comp-2007-2-3,7,200,1000,20,20,0.4723,greedy-input,55,2643,0,50,0,0,1,0,4,1254,587,802,19,1566,2459,200,24.862
comp-2007-2-3,7,200,1000,20,20,0.4723,greedy-random,71,2626,0,67,0,0,2,0,2,1477,538,611,26,2015,2287,200,26.388
comp-2007-2-3,7,200,1000,20,20,0.4723,greedy-largest-degree,16,2434,0,11,0,1,0,0,4,1275,596,563,10,586,2417,200,20.591
comp-2007-2-3,7,200,1000,20,20,0.4723,greedy-dsatur,11,2121,0,8,0,0,1,0,2,1044,501,576,7,571,2142,200,20.794
comp-2007-2-3,7,200,1000,20,20,0.4723,descent(greedy-dsatur),7,1914,0,5,0,0,0,0,2,1011,403,500,7,505,1971,1000000,17965.452
comp-2007-2-3,7,200,1000,20,20,0.4723,sa(greedy-dsatur),0,1367,0,0,0,0,0,0,0,809,206,352,0,0,1367,1000000,20517.669
comp-2007-2-3,8,200,1000,20,20,0.4723,random,2020,4764,0,1971,38,0,0,0,11,3579,198,987,25,1919,2592,200,0.823
comp-2007-2-3,8,200,1000,20,20,0.4723,greedy-input,55,2643,0,50,0,0,1,0,4,1254,587,802,19,1566,2459,200,47.264
comp-2007-2-3,8,200,1000,20,20,0.4723,greedy-random,60,2682,0,57,0,0,1,0,2,1303,653,726,19,1601,2572,200,32.336
comp-2007-2-3,8,200,1000,20,20,0.4723,greedy-largest-degree,25,2282,0,17,0,0,1,0,7,1218,544,520,12,758,2514,200,37.877
comp-2007-2-3,8,200,1000,20,20,0.4723,greedy-dsatur,11,2121,0,8,0,0,1,0,2,1044,501,576,7,571,2142,200,31.934
comp-2007-2-3,8,200,1000,20,20,0.4723,descent(greedy-dsatur),7,1990,0,5,0,0,0,0,2,1011,468,511,6,431,2037,1000000,22601.782
comp-2007-2-3,8,200,1000,20,20,0.4723,sa(greedy-dsatur),0,1326,0,0,0,0,0,0,0,647,324,355,0,0,1326,1000000,15788.536
comp-2007-2-3,9,200,1000,20,20,0.4723,random,1937,3743,0,1906,22,0,0,0,9,2209,520,1014,26,1858,2755,200,1.945
comp-2007-2-3,9,200,1000,20,20,0.4723,greedy-input,55,2643,0,50,0,0,1,0,4,1254,587,802,19,1566,2459,200,14.171
comp-2007-2-3,9,200,1000,20,20,0.4723,greedy-random,54,2575,0,45,0,0,0,0,9,1340,624,611,20,1490,2537,200,27.704
comp-2007-2-3,9,200,1000,20,20,0.4723,greedy-largest-degree,20,2267,0,15,0,0,2,0,3,1226,475,566,12,906,2168,200,20.635
comp-2007-2-3,9,200,1000,20,20,0.4723,greedy-dsatur,15,2254,0,13,0,0,1,0,1,1062,675,517,9,655,2226,200,24.131
comp-2007-2-3,9,200,1000,20,20,0.4723,descent(greedy-dsatur),4,1851,0,3,0,0,1,0,0,1048,358,445,4,241,1873,1000000,15987.526
comp-2007-2-3,9,200,1000,20,20,0.4723,sa(greedy-dsatur),0,1338,0,0,0,0,0,0,0,640,326,372,0,0,1338,1000000,15060.888
comp-2007-2-3,10,200,1000,20,20,0.4723,random,1743,4250,0,1707,24,0,0,0,12,2843,441,966,26,2095,2386,200,1.416
comp-2007-2-3,10,200,1000,20,20,0.4723,greedy-input,55,2643,0,50,0,0,1,0,4,1254,587,802,19,1566,2459,200,14.464
comp-2007-2-3,10,200,1000,20,20,0.4723,greedy-random,66,2724,0,59,0,0,1,0,6,1283,741,700,25,1919,2352,200,14.855
comp-2007-2-3,10,200,1000,20,20,0.4723,greedy-largest-degree,21,2364,0,16,0,0,2,0,3,1151,679,534,12,943,2556,200,12.880
comp-2007-2-3,10,200,1000,20,20,0.4723,greedy-dsatur,8,2321,0,5,0,0,2,0,1,1340,448,533,7,469,2311,200,9.692
comp-2007-2-3,10,200,1000,20,20,0.4723,descent(greedy-dsatur),3,2031,0,1,0,0,0,0,2,1072,467,492,3,176,2046,1000000,15205.077
comp-2007-2-3,10,200,1000,20,20,0.4723,sa(greedy-dsatur),0,1251,0,0,0,0,0,0,0,645,242,364,0,0,1251,1000000,14268.155
comp-2007-2-4,1,200,1000,20,20,0.5183,random,1652,4291,0,1618,22,0,0,0,12,3055,371,865,39,2570,2373,200,13.035
comp-2007-2-4,1,200,1000,20,20,0.5183,greedy-input,60,2936,0,54,0,0,0,0,6,1443,807,686,25,1700,2566,200,32.869
comp-2007-2-4,1,200,1000,20,20,0.5183,greedy-random,69,2892,0,61,0,0,1,0,7,1599,590,703,24,1551,2504,200,35.344
comp-2007-2-4,1,200,1000,20,20,0.5183,greedy-largest-degree,40,2786,0,36,0,0,0,0,4,1406,634,746,20,1316,2784,200,40.790
comp-2007-2-4,1,200,1000,20,20,0.5183,greedy-dsatur,32,2519,0,26,0,0,0,0,6,1239,628,652,17,1122,2359,200,56.348
comp-2007-2-4,1,200,1000,20,20,0.5183,descent(greedy-dsatur),22,2257,0,14,0,0,1,2,5,1148,528,581,17,1107,2187,1000000,26730.380
comp-2007-2-4,1,200,1000,20,20,0.5183,sa(greedy-dsatur),12,2006,0,8,0,0,0,2,2,1021,456,529,11,696,1959,1000000,29770.463
comp-2007-2-4,2,200,1000,20,20,0.5183,random,1946,4413,0,1914,22,0,0,0,10,3091,306,1016,38,2484,2976,200,0.625
comp-2007-2-4,2,200,1000,20,20,0.5183,greedy-input,60,2936,0,54,0,0,0,0,6,1443,807,686,25,1700,2566,200,31.232
comp-2007-2-4,2,200,1000,20,20,0.5183,greedy-random,74,2722,0,67,0,0,0,0,7,1407,628,687,27,1767,2475,200,30.255
comp-2007-2-4,2,200,1000,20,20,0.5183,greedy-largest-degree,38,2377,0,34,0,0,0,0,4,1236,517,624,19,1234,2263,200,35.526
comp-2007-2-4,2,200,1000,20,20,0.5183,greedy-dsatur,21,2404,0,16,0,0,0,0,5,976,756,672,15,874,2534,200,10.806
comp-2007-2-4,2,200,1000,20,20,0.5183,descent(greedy-dsatur),13,2192,0,8,0,0,0,0,5,954,642,596,8,481,2469,1000000,30237.099
comp-2007-2-4,2,200,1000,20,20,0.5183,sa(greedy-dsatur),3,1721,0,1,0,0,0,0,2,815,439,467,3,239,1735,1000000,24911.783
comp-2007-2-4,3,200,1000,20,20,0.5183,random,1784,4445,0,1747,26,0,0,0,11,2867,607,971,34,2229,2556,200,0.940
comp-2007-2-4,3,200,1000,20,20,0.5183,greedy-input,60,2936,0,54,0,0,0,0,6,1443,807,686,25,1700,2566,200,22.747
comp-2007-2-4,3,200,1000,20,20,0.5183,greedy-random,72,2786,0,69,0,0,1,0,2,1453,615,718,28,1824,2600,200,29.144
comp-2007-2-4,3,200,1000,20,20,0.5183,greedy-largest-degree,37,2568,0,33,0,0,0,0,4,1341,593,634,16,1089,2650,200,25.222
comp-2007-2-4,3,200,1000,20,20,0.5183,greedy-dsatur,27,2532,0,19,0,0,1,0,7,1060,759,713,14,981,2364,200,34.769
comp-2007-2-4,3,200,1000,20,20,0.5183,descent(greedy-dsatur),16,1884,0,8,0,0,1,2,5,768,504,612,11,783,1935,1000000,21573.052
comp-2007-2-4,3,200,1000,20,20,0.5183,sa(greedy-dsatur),2,1508,0,1,0,0,0,1,0,548,459,501,2,140,1535,1000000,18514.349
comp-2007-2-4,4,200,1000,20,20,0.5183,random,2007,4180,0,1969,29,0,0,0,9,2668,449,1063,32,2111,2461,200,0.825
comp-2007-2-4,4,200,1000,20,20,0.5183,greedy-input,60,2936,0,54,0,0,0,0,6,1443,807,686,25,1700,2566,200,17.480
comp-2007-2-4,4,200,1000,20,20,0.5183,greedy-random,87,2697,0,80,0,0,2,0,5,1371,608,718,29,2075,2617,200,18.596
comp-2007-2-4,4,200,1000,20,20,0.5183,greedy-largest-degree,42,2774,0,32,0,0,4,0,6,1557,569,648,23,1493,2674,200,11.404
comp-2007-2-4,4,200,1000,20,20,0.5183,greedy-dsatur,27,2815,0,19,0,0,1,0,7,1271,810,734,18,1181,2671,200,16.308
comp-2007-2-4,4,200,1000,20,20,0.5183,descent(greedy-dsatur),17,2518,0,11,0,0,0,1,5,1319,557,642,13,834,2277,1000000,20277.313
comp-2007-2-4,4,200,1000,20,20,0.5183,sa(greedy-dsatur),21,2360,0,12,0,0,0,3,6,1128,596,636,17,1084,2222,1000000,18486.580
comp-2007-2-4,5,200,1000,20,20,0.5183,random,2057,4625,0,2016,31,0,0,0,10,3075,448,1102,36,2333,2596,200,0.725
comp-2007-2-4,5,200,1000,20,20,0.5183,greedy-input,60,2936,0,54,0,0,0,0,6,1443,807,686,25,1700,2566,200,17.663
comp-2007-2-4,5,200,1000,20,20,0.5183,greedy-random,70,2439,0,61,0,0,1,0,8,1216,565,658,25,1693,2462,200,14.969
comp-2007-2-4,5,200,1000,20,20,0.5183,greedy-largest-degree,44,2283,0,38,0,0,1,0,5,1181,522,580,25,1693,2229,200,14.945
comp-2007-2-4,5,200,1000,20,20,0.5183,greedy-dsatur,16,2410,0,11,0,0,0,0,5,1026,716,668,9,615,2519,200,18.996
comp-2007-2-4,5,200,1000,20,20,0.5183,descent(greedy-dsatur),9,2217,0,6,0,0,0,0,3,1097,533,587,7,487,2211,1000000,16946.056
comp-2007-2-4,5,200,1000,20,20,0.5183,sa(greedy-dsatur),2,1901,0,2,0,0,0,0,0,977,427,497,2,112,1909,1000000,19838.128
comp-2007-2-4,6,200,1000,20,20,0.5183,random,1636,3827,0,1595,32,0,0,0,9,2376,377,1074,28,1811,2442,200,0.530
comp-2007-2-4,6,200,1000,20,20,0.5183,greedy-input,60,2936,0,54,0,0,0,0,6,1443,807,686,25,1700,2566,200,21.032
comp-2007-2-4,6,200,1000,20,20,0.5183,greedy-random,99,3188,0,91,0,0,2,0,6,1629,769,790,28,1927,2805,200,26.341
comp-2007-2-4,6,200,1000,20,20,0.5183,greedy-largest-degree,42,2390,0,36,0,0,0,0,6,1220,460,710,26,1577,2402,200,23.736
comp-2007-2-4,6,200,1000,20,20,0.5183,greedy-dsatur,21,2502,0,14,0,0,0,0,7,1085,804,613,16,1025,2487,200,14.978
comp-2007-2-4,6,200,1000,20,20,0.5183,descent(greedy-dsatur),15,2072,0,10,0,0,0,0,5,981,583,508,13,789,2224,1000000,19764.750
comp-2007-2-4,6,200,1000,20,20,0.5183,sa(greedy-dsatur),6,1845,0,1,0,0,0,1,4,790,509,546,5,350,1841,1000000,20547.483
comp-2007-2-4,7,200,1000,20,20,0.5183,random,2033,4752,0,1999,26,0,0,0,8,3022,573,1157,31,2086,2763,200,0.441
comp-2007-2-4,7,200,1000,20,20,0.5183,greedy-input,60,2936,0,54,0,0,0,0,6,1443,807,686,25,1700,2566,200,17.309
comp-2007-2-4,7,200,1000,20,20,0.5183,greedy-random,59,3083,0,53,0,0,2,0,4,1579,780,724,23,1498,2780,200,10.642
comp-2007-2-4,7,200,1000,20,20,0.5183,greedy-largest-degree,39,2536,0,32,0,0,1,0,6,1290,631,615,21,1383,2243,200,16.686
comp-2007-2-4,7,200,1000,20,20,0.5183,greedy-dsatur,22,2406,0,14,0,0,1,0,7,1021,782,603,11,741,2459,200,12.580
comp-2007-2-4,7,200,1000,20,20,0.5183,descent(greedy-dsatur),6,2014,0,3,0,0,0,1,2,949,519,546,5,326,2024,1000000,19573.456
comp-2007-2-4,7,200,1000,20,20,0.5183,sa(greedy-dsatur),2,1985,0,0,0,0,0,0,2,1041,516,428,2,105,2002,1000000,25497.586
comp-2007-2-4,8,200,1000,20,20,0.5183,random,1555,3248,0,1519,26,0,0,0,10,1969,331,948,38,2507,2533,200,0.408
comp-2007-2-4,8,200,1000,20,20,0.5183,greedy-input,60,2936,0,54,0,0,0,0,6,1443,807,686,25,1700,2566,200,31.299
comp-2007-2-4,8,200,1000,20,20,0.5183,greedy-random,64,2994,0,59,0,0,1,0,4,1522,703,769,23,1645,2529,200,35.005
comp-2007-2-4,8,200,1000,20,20,0.5183,greedy-largest-degree,41,2455,0,38,0,0,0,0,3,1079,637,739,24,1588,2408,200,15.710
comp-2007-2-4,8,200,1000,20,20,0.5183,greedy-dsatur,31,2562,0,24,0,0,0,0,7,1234,692,636,14,820,2677,200,21.058
comp-2007-2-4,8,200,1000,20,20,0.5183,descent(greedy-dsatur),23,2334,0,15,0,0,0,1,7,1280,526,528,17,1055,2436,1000000,17593.539
comp-2007-2-4,8,200,1000,20,20,0.5183,sa(greedy-dsatur),12,1912,0,7,0,0,0,1,4,929,471,512,9,532,1823,1000000,16905.884
comp-2007-2-4,9,200,1000,20,20,0.5183,random,1975,4034,0,1942,22,0,0,0,11,2477,465,1092,42,2771,2523,200,0.370
comp-2007-2-4,9,200,1000,20,20,0.5183,greedy-input,60,2936,0,54,0,0,0,0,6,1443,807,686,25,1700,2566,200,11.292
comp-2007-2-4,9,200,1000,20,20,0.5183,greedy-random,75,2561,0,68,0,0,1,0,6,1415,535,611,26,1662,2593,200,21.029
comp-2007-2-4,9,200,1000,20,20,0.5183,greedy-largest-degree,40,2539,0,34,0,0,1,0,5,1214,709,616,22,1370,2543,200,16.627
comp-2007-2-4,9,200,1000,20,20,0.5183,greedy-dsatur,22,2923,0,15,0,0,1,0,6,1328,958,637,14,932,2930,200,20.020
comp-2007-2-4,9,200,1000,20,20,0.5183,descent(greedy-dsatur),8,2395,0,4,0,0,0,2,2,1274,579,542,8,529,2386,1000000,16074.145
comp-2007-2-4,9,200,1000,20,20,0.5183,sa(greedy-dsatur),5,1860,0,1,0,0,0,1,3,995,430,435,4,286,1886,1000000,15864.532
comp-2007-2-4,10,200,1000,20,20,0.5183,random,1780,3908,0,1739,33,0,0,0,8,2374,505,1029,39,2534,2567,200,0.384
comp-2007-2-4,10,200,1000,20,20,0.5183,greedy-input,60,2936,0,54,0,0,0,0,6,1443,807,686,25,1700,2566,200,13.184
comp-2007-2-4,10,200,1000,20,20,0.5183,greedy-random,64,2974,0,55,0,0,2,0,7,1650,542,782,17,1148,2927,200,12.333
comp-2007-2-4,10,200,1000,20,20,0.5183,greedy-largest-degree,35,2489,0,27,0,0,2,0,6,1271,599,619,19,1177,2453,200,11.660
comp-2007-2-4,10,200,1000,20,20,0.5183,greedy-dsatur,27,2576,0,20,0,0,2,0,5,1310,634,632,19,1221,2544,200,20.093
comp-2007-2-4,10,200,1000,20,20,0.5183,descent(greedy-dsatur),16,2286,0,11,0,0,0,0,5,1196,524,566,13,818,2395,1000000,15666.024
comp-2007-2-4,10,200,1000,20,20,0.5183,sa(greedy-dsatur),6,2194,0,1,0,0,0,2,3,1195,474,525,5,343,2213,1000000,16675.631
comp-2007-2-5,1,400,300,20,120,0.3011,random,1550,2127,0,1373,109,0,0,0,68,1628,403,96,70,1072,1091,400,15.331
comp-2007-2-5,1,400,300,20,120,0.3011,greedy-input,147,1543,0,97,0,0,20,0,30,688,829,26,56,919,1209,400,20.044
comp-2007-2-5,1,400,300,20,120,0.3011,greedy-random,145,1547,0,96,0,0,17,0,32,697,826,24,67,1045,1183,400,16.336
comp-2007-2-5,1,400,300,20,120,0.3011,greedy-largest-degree,114,1619,0,73,0,0,15,0,26,749,849,21,62,944,1351,400,23.056
comp-2007-2-5,1,400,300,20,120,0.3011,greedy-dsatur,73,1570,0,45,0,0,9,0,19,637,897,36,39,585,1316,400,15.610
comp-2007-2-5,1,400,300,20,120,0.3011,descent(greedy-dsatur),34,1443,0,21,0,0,1,0,12,674,749,20,28,440,1292,1000000,10139.828
comp-2007-2-5,1,400,300,20,120,0.3011,sa(greedy-dsatur),39,1440,0,24,0,0,1,1,13,612,805,23,32,495,1264,1000000,8709.357
comp-2007-2-5,2,400,300,20,120,0.3011,random,1466,1821,0,1314,92,0,0,0,60,1354,370,97,73,1017,1132,400,0.715
comp-2007-2-5,2,400,300,20,120,0.3011,greedy-input,147,1543,0,97,0,0,20,0,30,688,829,26,56,919,1209,400,13.940
comp-2007-2-5,2,400,300,20,120,0.3011,greedy-random,158,1542,0,113,0,0,9,0,36,708,817,17,65,1051,1172,400,12.987
comp-2007-2-5,2,400,300,20,120,0.3011,greedy-largest-degree,86,1600,0,51,0,0,11,0,24,723,847,30,48,745,1369,400,29.322
comp-2007-2-5,2,400,300,20,120,0.3011,greedy-dsatur,73,1570,0,45,0,0,9,0,19,637,897,36,39,585,1316,400,35.942
comp-2007-2-5,2,400,300,20,120,0.3011,descent(greedy-dsatur),41,1351,0,27,0,0,1,1,12,628,703,20,30,475,1197,1000000,7100.515
comp-2007-2-5,2,400,300,20,120,0.3011,sa(greedy-dsatur),27,1409,0,14,0,0,0,0,13,648,740,21,24,384,1310,1000000,9200.514
comp-2007-2-5,3,400,300,20,120,0.3011,random,1443,1754,0,1288,97,0,0,0,58,1244,415,95,79,1191,1010,400,0.381
comp-2007-2-5,3,400,300,20,120,0.3011,greedy-input,147,1543,0,97,0,0,20,0,30,688,829,26,56,919,1209,400,20.572
comp-2007-2-5,3,400,300,20,120,0.3011,greedy-random,173,1515,0,118,0,0,14,0,41,696,801,18,69,1079,1094,400,18.156
comp-2007-2-5,3,400,300,20,120,0.3011,greedy-largest-degree,92,1592,0,55,0,0,10,0,27,754,816,22,58,843,1291,400,23.446
comp-2007-2-5,3,400,300,20,120,0.3011,greedy-dsatur,67,1457,0,35,0,0,9,0,23,575,855,27,42,624,1275,400,19.452
comp-2007-2-5,3,400,300,20,120,0.3011,descent(greedy-dsatur),40,1345,0,20,0,0,0,2,18,597,736,12,30,501,1203,1000000,7956.567
comp-2007-2-5,3,400,300,20,120,0.3011,sa(greedy-dsatur),20,1274,0,7,0,0,0,2,11,528,735,11,20,336,1206,1000000,13505.277
comp-2007-2-5,4,400,300,20,120,0.3011,random,1524,1802,0,1362,90,0,0,0,72,1239,424,139,76,1132,1044,400,0.325
comp-2007-2-5,4,400,300,20,120,0.3011,greedy-input,147,1543,0,97,0,0,20,0,30,688,829,26,56,919,1209,400,56.319
comp-2007-2-5,4,400,300,20,120,0.3011,greedy-random,132,1539,0,97,0,0,11,0,24,684,828,27,55,860,1242,400,40.951
comp-2007-2-5,4,400,300,20,120,0.3011,greedy-largest-degree,113,1663,0,75,0,0,8,0,30,781,854,28,56,844,1419,400,12.827
comp-2007-2-5,4,400,300,20,120,0.3011,greedy-dsatur,73,1570,0,45,0,0,9,0,19,637,897,36,39,585,1316,400,33.119
comp-2007-2-5,4,400,300,20,120,0.3011,descent(greedy-dsatur),37,1449,0,22,0,0,2,0,13,661,778,10,28,440,1304,1000000,11573.626
comp-2007-2-5,4,400,300,20,120,0.3011,sa(greedy-dsatur),32,1409,0,20,0,0,2,1,9,674,726,9,27,446,1308,1000000,10359.553
comp-2007-2-5,5,400,300,20,120,0.3011,random,1529,1973,0,1389,85,0,0,0,55,1457,402,114,83,1211,1132,400,0.357
comp-2007-2-5,5,400,300,20,120,0.3011,greedy-input,147,1543,0,97,0,0,20,0,30,688,829,26,56,919,1209,400,13.992
comp-2007-2-5,5,400,300,20,120,0.3011,greedy-random,134,1614,0,81,0,0,14,0,39,671,916,27,66,1019,1245,400,13.705
comp-2007-2-5,5,400,300,20,120,0.3011,greedy-largest-degree,93,1666,0,54,0,0,6,0,33,727,917,22,53,787,1337,400,12.308
comp-2007-2-5,5,400,300,20,120,0.3011,greedy-dsatur,73,1570,0,45,0,0,9,0,19,637,897,36,39,585,1316,400,16.537
comp-2007-2-5,5,400,300,20,120,0.3011,descent(greedy-dsatur),40,1428,0,27,0,0,1,0,12,650,757,21,32,508,1233,1000000,7418.464
comp-2007-2-5,5,400,300,20,120,0.3011,sa(greedy-dsatur),26,1431,0,14,0,0,1,1,10,622,797,12,22,320,1313,1000000,9396.992
comp-2007-2-5,6,400,300,20,120,0.3011,random,1411,1874,0,1260,89,0,0,0,62,1407,381,86,80,1233,984,400,0.273
comp-2007-2-5,6,400,300,20,120,0.3011,greedy-input,147,1543,0,97,0,0,20,0,30,688,829,26,56,919,1209,400,18.130
comp-2007-2-5,6,400,300,20,120,0.3011,greedy-random,147,1546,0,101,0,0,13,0,33,700,818,28,62,965,1143,400,14.732
comp-2007-2-5,6,400,300,20,120,0.3011,greedy-largest-degree,84,1532,0,52,0,0,8,0,24,689,819,24,50,767,1280,400,8.676
comp-2007-2-5,6,400,300,20,120,0.3011,greedy-dsatur,84,1598,0,52,0,0,11,0,21,678,884,36,46,707,1381,400,18.036
comp-2007-2-5,6,400,300,20,120,0.3011,descent(greedy-dsatur),31,1509,0,15,0,0,2,0,14,696,799,14,25,402,1340,1000000,9300.902
comp-2007-2-5,6,400,300,20,120,0.3011,sa(greedy-dsatur),22,1422,0,8,0,0,4,0,10,581,822,19,20,325,1301,1000000,8004.181
comp-2007-2-5,7,400,300,20,120,0.3011,random,1401,1889,0,1244,94,0,0,0,63,1288,475,126,70,1027,1067,400,2.088
comp-2007-2-5,7,400,300,20,120,0.3011,greedy-input,147,1543,0,97,0,0,20,0,30,688,829,26,56,919,1209,400,15.360
comp-2007-2-5,7,400,300,20,120,0.3011,greedy-random,153,1517,0,108,0,0,13,0,32,698,789,30,67,1055,1132,400,14.472
comp-2007-2-5,7,400,300,20,120,0.3011,greedy-largest-degree,106,1592,0,73,0,0,7,0,26,719,847,26,54,831,1347,400,24.195
comp-2007-2-5,7,400,300,20,120,0.3011,greedy-dsatur,67,1457,0,35,0,0,9,0,23,575,855,27,42,624,1275,400,15.003
comp-2007-2-5,7,400,300,20,120,0.3011,descent(greedy-dsatur),36,1331,0,16,0,0,1,2,17,586,730,15,27,435,1197,1000000,8035.442
comp-2007-2-5,7,400,300,20,120,0.3011,sa(greedy-dsatur),21,1302,0,8,0,0,0,1,12,514,771,17,20,305,1149,1000000,6236.119
comp-2007-2-5,8,400,300,20,120,0.3011,random,1459,1935,0,1308,97,0,0,0,54,1378,442,115,78,1136,1120,400,0.536
comp-2007-2-5,8,400,300,20,120,0.3011,greedy-input,147,1543,0,97,0,0,20,0,30,688,829,26,56,919,1209,400,11.721
comp-2007-2-5,8,400,300,20,120,0.3011,greedy-random,146,1565,0,100,0,0,9,0,37,686,846,33,63,1008,1239,400,13.886
comp-2007-2-5,8,400,300,20,120,0.3011,greedy-largest-degree,105,1637,0,74,0,0,7,0,24,813,803,21,54,794,1344,400,8.674
comp-2007-2-5,8,400,300,20,120,0.3011,greedy-dsatur,80,1598,0,48,0,0,9,0,23,693,860,45,43,667,1360,400,14.444
comp-2007-2-5,8,400,300,20,120,0.3011,descent(greedy-dsatur),40,1364,0,24,0,0,3,0,13,646,706,12,32,499,1201,1000000,5891.017
comp-2007-2-5,8,400,300,20,120,0.3011,sa(greedy-dsatur),27,1354,0,14,0,0,3,1,9,592,747,15,22,370,1234,1000000,5831.580
comp-2007-2-5,9,400,300,20,120,0.3011,random,1417,1845,0,1256,100,0,0,0,61,1364,373,108,76,1139,1073,400,4.427
comp-2007-2-5,9,400,300,20,120,0.3011,greedy-input,147,1543,0,97,0,0,20,0,30,688,829,26,56,919,1209,400,8.556
comp-2007-2-5,9,400,300,20,120,0.3011,greedy-random,151,1532,0,101,0,0,9,0,41,703,798,31,68,1044,1195,400,12.720
comp-2007-2-5,9,400,300,20,120,0.3011,greedy-largest-degree,105,1619,0,66,0,0,8,0,31,763,826,30,55,836,1297,400,8.943
comp-2007-2-5,9,400,300,20,120,0.3011,greedy-dsatur,67,1457,0,35,0,0,9,0,23,575,855,27,42,624,1275,400,10.294
comp-2007-2-5,9,400,300,20,120,0.3011,descent(greedy-dsatur),42,1321,0,20,0,0,2,0,20,537,767,17,31,508,1156,1000000,7377.964
comp-2007-2-5,9,400,300,20,120,0.3011,sa(greedy-dsatur),16,1298,0,7,0,0,0,0,9,560,719,19,13,220,1219,1000000,6853.759
comp-2007-2-5,10,400,300,20,120,0.3011,random,1425,1777,0,1273,96,0,0,0,56,1267,406,104,83,1244,993,400,0.737
comp-2007-2-5,10,400,300,20,120,0.3011,greedy-input,147,1543,0,97,0,0,20,0,30,688,829,26,56,919,1209,400,10.838
comp-2007-2-5,10,400,300,20,120,0.3011,greedy-random,154,1542,0,103,0,0,12,0,39,681,822,39,66,1026,1148,400,10.789
comp-2007-2-5,10,400,300,20,120,0.3011,greedy-largest-degree,104,1485,0,63,0,0,11,0,30,678,775,32,61,930,1153,400,8.968
comp-2007-2-5,10,400,300,20,120,0.3011,greedy-dsatur,73,1570,0,45,0,0,9,0,19,637,897,36,39,585,1316,400,12.837
comp-2007-2-5,10,400,300,20,120,0.3011,descent(greedy-dsatur),40,1507,0,26,0,0,4,0,10,725,764,18,33,522,1321,1000000,6517.258
comp-2007-2-5,10,400,300,20,120,0.3011,sa(greedy-dsatur),40,1444,0,26,0,0,3,0,11,653,760,31,34,509,1256,1000000,7006.103
comp-2007-2-6,1,400,300,20,119,0.2931,random,1418,1902,0,1272,84,0,0,0,62,1449,355,98,77,1106,1069,400,23.202
comp-2007-2-6,1,400,300,20,119,0.2931,greedy-input,148,1521,0,103,0,0,15,0,30,696,792,33,64,1075,1162,400,42.194
comp-2007-2-6,1,400,300,20,119,0.2931,greedy-random,157,1559,0,112,0,0,9,0,36,700,831,28,65,1020,1188,400,44.511
comp-2007-2-6,1,400,300,20,119,0.2931,greedy-largest-degree,100,1430,0,58,0,0,12,0,30,652,761,17,56,816,1194,400,26.173
comp-2007-2-6,1,400,300,20,119,0.2931,greedy-dsatur,84,1493,0,48,0,0,9,0,27,677,787,29,49,765,1265,400,40.424
comp-2007-2-6,1,400,300,20,119,0.2931,descent(greedy-dsatur),54,1441,0,32,0,0,2,2,18,624,792,25,38,604,1258,1000000,13940.157
comp-2007-2-6,1,400,300,20,119,0.2931,sa(greedy-dsatur),55,1437,0,31,0,0,2,1,21,696,714,27,41,617,1316,1000000,8512.412
comp-2007-2-6,2,400,300,20,119,0.2931,random,1386,1568,0,1238,90,0,0,0,58,1032,425,111,64,973,1015,400,0.558
comp-2007-2-6,2,400,300,20,119,0.2931,greedy-input,148,1521,0,103,0,0,15,0,30,696,792,33,64,1075,1162,400,18.632
comp-2007-2-6,2,400,300,20,119,0.2931,greedy-random,139,1499,0,103,0,0,11,0,25,750,718,31,65,1031,1132,400,20.802
comp-2007-2-6,2,400,300,20,119,0.2931,greedy-largest-degree,93,1477,0,51,0,0,6,0,36,664,793,20,56,809,1237,400,16.905
comp-2007-2-6,2,400,300,20,119,0.2931,greedy-dsatur,74,1552,0,37,0,0,11,0,26,701,819,32,48,767,1283,400,29.105
comp-2007-2-6,2,400,300,20,119,0.2931,descent(greedy-dsatur),42,1457,0,22,0,0,2,1,17,704,739,14,32,497,1294,1000000,6696.403
comp-2007-2-6,2,400,300,20,119,0.2931,sa(greedy-dsatur),25,1397,0,13,0,0,0,1,11,630,750,17,22,374,1238,1000000,9585.916
comp-2007-2-6,3,400,300,20,119,0.2931,random,1423,1873,0,1281,92,0,0,0,50,1345,414,114,73,1106,1104,400,0.472
comp-2007-2-6,3,400,300,20,119,0.2931,greedy-input,148,1521,0,103,0,0,15,0,30,696,792,33,64,1075,1162,400,23.574
comp-2007-2-6,3,400,300,20,119,0.2931,greedy-random,134,1529,0,88,0,0,17,0,29,756,747,26,68,1081,1150,400,16.240
comp-2007-2-6,3,400,300,20,119,0.2931,greedy-largest-degree,110,1441,0,65,0,0,9,0,36,668,753,20,53,792,1179,400,10.791
comp-2007-2-6,3,400,300,20,119,0.2931,greedy-dsatur,86,1388,0,48,0,0,12,0,26,551,810,27,46,716,1252,400,55.283
comp-2007-2-6,3,400,300,20,119,0.2931,descent(greedy-dsatur),39,1362,0,20,0,0,3,0,16,630,708,24,31,498,1185,1000000,11571.824
comp-2007-2-6,3,400,300,20,119,0.2931,sa(greedy-dsatur),29,1440,0,17,0,0,0,1,11,642,778,20,26,396,1274,1000000,9616.002
comp-2007-2-6,4,400,300,20,119,0.2931,random,1325,1722,0,1170,84,0,0,0,71,1123,503,96,83,1262,1008,400,0.943
comp-2007-2-6,4,400,300,20,119,0.2931,greedy-input,148,1521,0,103,0,0,15,0,30,696,792,33,64,1075,1162,400,18.710
comp-2007-2-6,4,400,300,20,119,0.2931,greedy-random,153,1618,0,106,0,1,10,0,36,762,829,27,74,1141,1205,400,16.216
comp-2007-2-6,4,400,300,20,119,0.2931,greedy-largest-degree,110,1470,0,66,0,1,13,0,30,712,735,23,60,917,1240,400,66.212
comp-2007-2-6,4,400,300,20,119,0.2931,greedy-dsatur,84,1504,0,51,0,0,9,0,24,655,823,26,53,857,1173,400,50.115
comp-2007-2-6,4,400,300,20,119,0.2931,descent(greedy-dsatur),53,1447,0,37,0,0,2,1,13,691,727,29,40,646,1235,1000000,12114.886
comp-2007-2-6,4,400,300,20,119,0.2931,sa(greedy-dsatur),41,1441,0,27,0,0,1,0,13,608,810,23,31,508,1245,1000000,9219.246
comp-2007-2-6,5,400,300,20,119,0.2931,random,1417,1875,0,1272,87,0,0,0,58,1376,402,97,77,1195,1044,400,0.437
comp-2007-2-6,5,400,300,20,119,0.2931,greedy-input,148,1521,0,103,0,0,15,0,30,696,792,33,64,1075,1162,400,15.631
comp-2007-2-6,5,400,300,20,119,0.2931,greedy-random,155,1495,0,107,0,0,11,0,37,642,826,27,68,1067,1130,400,23.349
comp-2007-2-6,5,400,300,20,119,0.2931,greedy-largest-degree,111,1433,0,70,0,0,11,0,30,669,748,16,58,904,1198,400,20.884
comp-2007-2-6,5,400,300,20,119,0.2931,greedy-dsatur,72,1467,0,34,0,0,9,0,29,597,839,31,43,705,1226,400,26.107
comp-2007-2-6,5,400,300,20,119,0.2931,descent(greedy-dsatur),48,1405,0,27,0,0,1,0,20,625,750,30,34,586,1254,1000000,7652.564
comp-2007-2-6,5,400,300,20,119,0.2931,sa(greedy-dsatur),49,1422,0,25,0,0,1,0,23,647,748,27,36,608,1263,1000000,9848.647
comp-2007-2-6,6,400,300,20,119,0.2931,random,1473,1846,0,1336,92,0,0,0,45,1327,407,112,75,1145,1032,400,0.438
comp-2007-2-6,6,400,300,20,119,0.2931,greedy-input,148,1521,0,103,0,0,15,0,30,696,792,33,64,1075,1162,400,68.841
comp-2007-2-6,6,400,300,20,119,0.2931,greedy-random,147,1594,0,99,0,0,13,0,35,733,829,32,64,1059,1156,400,15.598
comp-2007-2-6,6,400,300,20,119,0.2931,greedy-largest-degree,101,1606,0,68,0,0,4,0,29,740,842,24,59,877,1259,400,26.796
comp-2007-2-6,6,400,300,20,119,0.2931,greedy-dsatur,84,1470,0,50,0,0,10,0,24,664,772,34,53,822,1232,400,17.621
comp-2007-2-6,6,400,300,20,119,0.2931,descent(greedy-dsatur),50,1390,0,27,0,0,7,0,16,678,693,19,42,650,1172,1000000,8636.989
comp-2007-2-6,6,400,300,20,119,0.2931,sa(greedy-dsatur),40,1407,0,22,0,0,6,1,11,651,739,17,32,500,1210,1000000,7896.439
comp-2007-2-6,7,400,300,20,119,0.2931,random,1423,1375,0,1265,101,0,0,0,57,773,493,109,72,1096,982,400,0.451
comp-2007-2-6,7,400,300,20,119,0.2931,greedy-input,148,1521,0,103,0,0,15,0,30,696,792,33,64,1075,1162,400,20.523
comp-2007-2-6,7,400,300,20,119,0.2931,greedy-random,140,1515,0,98,0,0,11,0,31,690,791,34,63,962,1202,400,23.758
comp-2007-2-6,7,400,300,20,119,0.2931,greedy-largest-degree,108,1544,0,63,0,0,11,0,34,727,799,18,54,843,1283,400,22.567
comp-2007-2-6,7,400,300,20,119,0.2931,greedy-dsatur,78,1436,0,32,0,0,11,0,35,572,835,29,49,709,1178,400,31.286
comp-2007-2-6,7,400,300,20,119,0.2931,descent(greedy-dsatur),50,1415,0,22,0,0,4,1,23,619,773,23,38,572,1230,1000000,8068.744
comp-2007-2-6,7,400,300,20,119,0.2931,sa(greedy-dsatur),35,1390,0,17,0,0,1,0,17,663,707,20,26,399,1247,1000000,5816.946
comp-2007-2-6,8,400,300,20,119,0.2931,random,1433,1784,0,1295,86,0,0,0,52,1254,408,122,71,1086,1234,400,0.326
comp-2007-2-6,8,400,300,20,119,0.2931,greedy-input,148,1521,0,103,0,0,15,0,30,696,792,33,64,1075,1162,400,10.319
comp-2007-2-6,8,400,300,20,119,0.2931,greedy-random,170,1534,0,121,0,0,20,0,29,738,762,34,65,1097,1216,400,12.536
comp-2007-2-6,8,400,300,20,119,0.2931,greedy-largest-degree,94,1449,0,54,0,0,10,0,30,685,755,9,54,776,1231,400,28.108
comp-2007-2-6,8,400,300,20,119,0.2931,greedy-dsatur,75,1409,0,33,0,1,8,0,33,601,778,30,44,681,1186,400,9.524
comp-2007-2-6,8,400,300,20,119,0.2931,descent(greedy-dsatur),39,1357,0,19,0,0,3,1,16,611,722,24,31,466,1225,1000000,5666.511
comp-2007-2-6,8,400,300,20,119,0.2931,sa(greedy-dsatur),30,1431,0,10,0,0,1,0,19,646,766,19,24,366,1300,1000000,6178.496
comp-2007-2-6,9,400,300,20,119,0.2931,random,1391,1931,0,1238,87,0,0,0,66,1317,491,123,73,1151,1063,400,0.267
comp-2007-2-6,9,400,300,20,119,0.2931,greedy-input,148,1521,0,103,0,0,15,0,30,696,792,33,64,1075,1162,400,20.195
comp-2007-2-6,9,400,300,20,119,0.2931,greedy-random,140,1426,0,102,0,0,13,0,25,603,795,28,57,931,1147,400,13.643
comp-2007-2-6,9,400,300,20,119,0.2931,greedy-largest-degree,122,1459,0,75,0,0,12,0,35,664,774,21,62,924,1196,400,14.082
comp-2007-2-6,9,400,300,20,119,0.2931,greedy-dsatur,76,1471,0,44,0,0,7,0,25,627,811,33,46,673,1226,400,17.069
comp-2007-2-6,9,400,300,20,119,0.2931,descent(greedy-dsatur),49,1329,0,33,0,0,3,1,12,570,738,21,42,612,1152,1000000,7483.132
comp-2007-2-6,9,400,300,20,119,0.2931,sa(greedy-dsatur),42,1335,0,22,0,0,3,1,16,602,712,21,36,527,1194,1000000,6547.935
comp-2007-2-6,10,400,300,20,119,0.2931,random,1330,1874,0,1167,98,0,0,0,65,1345,430,99,75,1190,1088,400,0.273
comp-2007-2-6,10,400,300,20,119,0.2931,greedy-input,148,1521,0,103,0,0,15,0,30,696,792,33,64,1075,1162,400,9.693
comp-2007-2-6,10,400,300,20,119,0.2931,greedy-random,157,1411,0,102,0,0,12,0,43,660,732,19,72,1135,1125,400,18.226
comp-2007-2-6,10,400,300,20,119,0.2931,greedy-largest-degree,108,1522,0,68,0,0,9,0,31,695,813,14,61,940,1096,400,10.903
comp-2007-2-6,10,400,300,20,119,0.2931,greedy-dsatur,76,1471,0,44,0,0,7,0,25,627,811,33,46,673,1226,400,8.499
comp-2007-2-6,10,400,300,20,119,0.2931,descent(greedy-dsatur),45,1323,0,26,0,0,4,0,15,593,715,15,38,588,1185,1000000,7123.860
comp-2007-2-6,10,400,300,20,119,0.2931,sa(greedy-dsatur),38,1320,0,21,0,0,1,1,15,617,684,19,29,451,1197,1000000,6432.956
comp-2007-2-7,1,200,500,20,20,0.5175,random,1131,2507,0,1096,27,0,0,0,8,1873,135,499,41,1386,1299,200,0.351
comp-2007-2-7,1,200,500,20,20,0.5175,greedy-input,83,1465,0,74,0,0,5,0,4,796,282,387,35,1242,1395,200,4.555
comp-2007-2-7,1,200,500,20,20,0.5175,greedy-random,50,1478,0,41,0,0,3,0,6,725,390,363,25,918,1405,200,6.080
comp-2007-2-7,1,200,500,20,20,0.5175,greedy-largest-degree,40,1265,0,37,0,0,2,0,1,689,290,286,27,906,1301,200,7.388
comp-2007-2-7,1,200,500,20,20,0.5175,greedy-dsatur,39,1257,0,31,0,1,2,0,5,648,326,283,29,1048,1227,200,12.213
comp-2007-2-7,1,200,500,20,20,0.5175,descent(greedy-dsatur),31,1230,0,25,0,0,2,1,3,669,284,277,25,902,1202,1000000,9851.386
comp-2007-2-7,1,200,500,20,20,0.5175,sa(greedy-dsatur),20,1250,0,17,0,0,2,0,1,690,295,265,17,635,1280,1000000,10241.254
comp-2007-2-7,2,200,500,20,20,0.5175,random,1120,2563,0,1086,26,0,0,0,8,1637,322,604,34,1220,1171,200,0.247
comp-2007-2-7,2,200,500,20,20,0.5175,greedy-input,83,1465,0,74,0,0,5,0,4,796,282,387,35,1242,1395,200,7.982
comp-2007-2-7,2,200,500,20,20,0.5175,greedy-random,81,1429,0,72,0,0,6,0,3,768,327,334,34,1308,1318,200,6.324
comp-2007-2-7,2,200,500,20,20,0.5175,greedy-largest-degree,46,1457,0,38,0,0,1,0,7,797,349,311,32,1043,1337,200,6.014
comp-2007-2-7,2,200,500,20,20,0.5175,greedy-dsatur,50,1321,0,39,0,1,4,0,6,721,290,310,35,1222,1375,200,8.102
comp-2007-2-7,2,200,500,20,20,0.5175,descent(greedy-dsatur),34,1181,0,27,0,1,1,0,5,644,267,270,30,1082,1243,1000000,9367.419
comp-2007-2-7,2,200,500,20,20,0.5175,sa(greedy-dsatur),24,1259,0,20,0,0,3,0,1,745,238,276,19,740,1271,1000000,8792.988
comp-2007-2-7,3,200,500,20,20,0.5175,random,1206,2898,0,1165,30,0,0,0,11,2150,190,558,34,1188,1322,200,0.201
comp-2007-2-7,3,200,500,20,20,0.5175,greedy-input,83,1465,0,74,0,0,5,0,4,796,282,387,35,1242,1395,200,9.819
comp-2007-2-7,3,200,500,20,20,0.5175,greedy-random,77,1406,0,70,0,0,3,0,4,737,289,380,34,1281,1245,200,4.623
comp-2007-2-7,3,200,500,20,20,0.5175,greedy-largest-degree,42,1412,0,37,0,0,3,0,2,794,300,318,30,1005,1359,200,7.881
comp-2007-2-7,3,200,500,20,20,0.5175,greedy-dsatur,36,1420,0,30,0,0,0,0,6,700,389,331,25,830,1449,200,4.911
comp-2007-2-7,3,200,500,20,20,0.5175,descent(greedy-dsatur),26,1325,0,20,0,0,1,0,5,645,377,303,23,719,1313,1000000,11212.722
comp-2007-2-7,3,200,500,20,20,0.5175,sa(greedy-dsatur),23,1341,0,21,0,0,0,0,2,673,343,325,17,614,1282,1000000,12046.540
comp-2007-2-7,4,200,500,20,20,0.5175,random,1081,2561,0,1035,34,0,0,0,12,1808,209,544,39,1350,1415,200,0.334
comp-2007-2-7,4,200,500,20,20,0.5175,greedy-input,83,1465,0,74,0,0,5,0,4,796,282,387,35,1242,1395,200,8.049
comp-2007-2-7,4,200,500,20,20,0.5175,greedy-random,70,1390,0,57,0,1,3,0,9,740,305,345,32,1175,1383,200,10.233
comp-2007-2-7,4,200,500,20,20,0.5175,greedy-largest-degree,36,1410,0,30,0,0,3,0,3,777,325,308,24,798,1466,200,10.421
comp-2007-2-7,4,200,500,20,20,0.5175,greedy-dsatur,32,1383,0,22,0,0,2,0,8,746,327,310,21,694,1428,200,9.983
comp-2007-2-7,4,200,500,20,20,0.5175,descent(greedy-dsatur),27,1331,0,21,0,0,0,0,6,759,308,264,20,675,1373,1000000,10567.401
comp-2007-2-7,4,200,500,20,20,0.5175,sa(greedy-dsatur),20,1179,0,14,0,0,0,2,4,643,265,271,15,535,1272,1000000,11378.886
comp-2007-2-7,5,200,500,20,20,0.5175,random,1073,2363,0,1030,37,0,0,0,6,1579,204,580,35,1266,1274,200,1.054
comp-2007-2-7,5,200,500,20,20,0.5175,greedy-input,83,1465,0,74,0,0,5,0,4,796,282,387,35,1242,1395,200,7.457
comp-2007-2-7,5,200,500,20,20,0.5175,greedy-random,76,1607,0,59,0,0,6,0,11,800,412,395,30,1109,1420,200,15.034
comp-2007-2-7,5,200,500,20,20,0.5175,greedy-largest-degree,40,1266,0,37,0,0,0,0,3,726,277,263,26,896,1357,200,14.757
comp-2007-2-7,5,200,500,20,20,0.5175,greedy-dsatur,42,1402,0,36,0,0,0,0,6,788,304,310,28,990,1390,200,8.230
comp-2007-2-7,5,200,500,20,20,0.5175,descent(greedy-dsatur),35,1234,0,29,0,0,0,0,6,685,256,293,23,841,1266,1000000,10836.286
comp-2007-2-7,5,200,500,20,20,0.5175,sa(greedy-dsatur),17,1183,0,14,0,0,1,0,2,689,241,253,14,522,1129,1000000,9550.653
comp-2007-2-7,6,200,500,20,20,0.5175,random,1058,2641,0,1014,29,0,0,0,15,1828,251,562,44,1452,1437,200,0.358
comp-2007-2-7,6,200,500,20,20,0.5175,greedy-input,83,1465,0,74,0,0,5,0,4,796,282,387,35,1242,1395,200,9.875
comp-2007-2-7,6,200,500,20,20,0.5175,greedy-random,65,1404,0,59,0,0,1,0,5,723,333,348,31,1106,1339,200,13.100
comp-2007-2-7,6,200,500,20,20,0.5175,greedy-largest-degree,39,1417,0,32,0,0,3,0,4,764,331,322,20,695,1406,200,5.382
comp-2007-2-7,6,200,500,20,20,0.5175,greedy-dsatur,37,1278,0,29,0,0,2,0,6,691,304,283,26,910,1240,200,5.693
comp-2007-2-7,6,200,500,20,20,0.5175,descent(greedy-dsatur),30,1222,0,24,0,0,2,0,4,685,270,267,22,774,1253,1000000,12242.487
comp-2007-2-7,6,200,500,20,20,0.5175,sa(greedy-dsatur),18,1087,0,15,0,0,0,0,3,654,202,231,15,511,1127,1000000,15373.789
comp-2007-2-7,7,200,500,20,20,0.5175,random,1137,2621,0,1093,29,0,0,0,15,1988,148,485,33,1182,1418,200,0.277
comp-2007-2-7,7,200,500,20,20,0.5175,greedy-input,83,1465,0,74,0,0,5,0,4,796,282,387,35,1242,1395,200,22.236
comp-2007-2-7,7,200,500,20,20,0.5175,greedy-random,67,1438,0,61,0,0,1,0,5,811,319,308,29,1036,1363,200,12.348
comp-2007-2-7,7,200,500,20,20,0.5175,greedy-largest-degree,40,1319,0,34,0,0,4,0,2,747,259,313,21,762,1389,200,23.448
comp-2007-2-7,7,200,500,20,20,0.5175,greedy-dsatur,49,1396,0,41,0,0,2,0,6,661,402,333,26,920,1284,200,8.701
comp-2007-2-7,7,200,500,20,20,0.5175,descent(greedy-dsatur),35,1321,0,29,0,0,1,0,5,693,334,294,26,930,1180,1000000,11568.526
comp-2007-2-7,7,200,500,20,20,0.5175,sa(greedy-dsatur),16,1279,0,15,0,0,1,0,0,646,339,294,13,488,1304,1000000,9444.078
comp-2007-2-7,8,200,500,20,20,0.5175,random,907,2338,0,873,22,0,0,0,12,1743,139,456,40,1424,1417,200,1.049
comp-2007-2-7,8,200,500,20,20,0.5175,greedy-input,83,1465,0,74,0,0,5,0,4,796,282,387,35,1242,1395,200,10.253
comp-2007-2-7,8,200,500,20,20,0.5175,greedy-random,58,1440,0,48,0,0,5,0,5,820,302,318,31,1145,1495,200,11.125
comp-2007-2-7,8,200,500,20,20,0.5175,greedy-largest-degree,42,1403,0,36,0,0,4,0,2,815,266,322,27,852,1402,200,9.639
comp-2007-2-7,8,200,500,20,20,0.5175,greedy-dsatur,45,1279,0,39,0,0,4,0,2,593,371,315,27,985,1312,200,4.846
comp-2007-2-7,8,200,500,20,20,0.5175,descent(greedy-dsatur),32,1220,0,27,0,0,4,0,1,691,254,275,25,924,1164,1000000,9205.508
comp-2007-2-7,8,200,500,20,20,0.5175,sa(greedy-dsatur),7,1085,0,7,0,0,0,0,0,591,262,232,7,244,1085,1000000,9198.939
comp-2007-2-7,9,200,500,20,20,0.5175,random,1139,3009,0,1099,29,0,0,0,11,2285,153,571,40,1455,1368,200,0.271
comp-2007-2-7,9,200,500,20,20,0.5175,greedy-input,83,1465,0,74,0,0,5,0,4,796,282,387,35,1242,1395,200,7.694
comp-2007-2-7,9,200,500,20,20,0.5175,greedy-random,78,1555,0,71,0,1,1,0,5,840,325,390,33,1229,1385,200,7.802
comp-2007-2-7,9,200,500,20,20,0.5175,greedy-largest-degree,40,1352,0,34,0,0,2,0,4,779,264,309,25,880,1474,200,5.810
comp-2007-2-7,9,200,500,20,20,0.5175,greedy-dsatur,33,1537,0,27,0,0,0,0,6,824,362,351,21,713,1432,200,6.363
comp-2007-2-7,9,200,500,20,20,0.5175,descent(greedy-dsatur),31,1514,0,25,0,0,0,0,6,795,379,340,23,788,1432,1000000,9385.277
comp-2007-2-7,9,200,500,20,20,0.5175,sa(greedy-dsatur),14,1269,0,10,0,0,1,1,2,716,259,294,13,476,1231,1000000,8637.615
comp-2007-2-7,10,200,500,20,20,0.5175,random,1026,2569,0,989,30,0,0,0,7,1971,145,453,36,1288,1313,200,0.425
comp-2007-2-7,10,200,500,20,20,0.5175,greedy-input,83,1465,0,74,0,0,5,0,4,796,282,387,35,1242,1395,200,5.670
comp-2007-2-7,10,200,500,20,20,0.5175,greedy-random,75,1414,0,69,0,0,3,0,3,740,342,332,32,1142,1454,200,6.527
comp-2007-2-7,10,200,500,20,20,0.5175,greedy-largest-degree,44,1434,0,36,0,1,2,0,5,822,299,313,28,911,1509,200,4.783
comp-2007-2-7,10,200,500,20,20,0.5175,greedy-dsatur,42,1384,0,39,0,0,1,0,2,781,296,307,24,911,1418,200,8.090
comp-2007-2-7,10,200,500,20,20,0.5175,descent(greedy-dsatur),27,1230,0,23,0,0,1,0,3,721,234,275,24,865,1233,1000000,8651.414
comp-2007-2-7,10,200,500,20,20,0.5175,sa(greedy-dsatur),21,1186,0,19,0,0,0,0,2,713,231,242,17,643,1162,1000000,9045.660
comp-2007-2-8,1,200,500,20,21,0.5052,random,1179,2821,0,1137,32,0,0,0,10,2148,143,530,39,1279,1386,200,1.067
comp-2007-2-8,1,200,500,20,21,0.5052,greedy-input,64,1548,0,54,0,0,1,0,9,816,368,364,29,1000,1335,200,4.926
comp-2007-2-8,1,200,500,20,21,0.5052,greedy-random,54,1524,0,49,0,0,1,0,4,763,417,344,30,1052,1384,200,12.141
comp-2007-2-8,1,200,500,20,21,0.5052,greedy-largest-degree,43,1423,0,37,0,0,0,0,6,744,379,300,23,775,1401,200,9.653
comp-2007-2-8,1,200,500,20,21,0.5052,greedy-dsatur,22,1369,0,16,0,0,1,0,5,673,387,309,17,597,1345,200,4.781
comp-2007-2-8,1,200,500,20,21,0.5052,descent(greedy-dsatur),12,1224,0,9,0,0,0,0,3,659,297,268,10,362,1224,1000000,10810.188
comp-2007-2-8,1,200,500,20,21,0.5052,sa(greedy-dsatur),4,1112,0,3,0,0,0,0,1,563,275,274,4,137,1098,1000000,10367.424
comp-2007-2-8,2,200,500,20,21,0.5052,random,1154,2509,0,1123,25,0,0,0,6,1892,179,438,39,1355,1364,200,0.639
comp-2007-2-8,2,200,500,20,21,0.5052,greedy-input,64,1548,0,54,0,0,1,0,9,816,368,364,29,1000,1335,200,8.280
comp-2007-2-8,2,200,500,20,21,0.5052,greedy-random,64,1449,0,54,0,0,1,0,9,723,422,304,27,976,1316,200,7.027
comp-2007-2-8,2,200,500,20,21,0.5052,greedy-largest-degree,35,1456,0,29,0,0,3,0,3,814,338,304,19,620,1494,200,7.814
comp-2007-2-8,2,200,500,20,21,0.5052,greedy-dsatur,22,1431,0,13,0,0,3,0,6,671,457,303,15,508,1418,200,7.097
comp-2007-2-8,2,200,500,20,21,0.5052,descent(greedy-dsatur),16,1286,0,10,0,0,3,0,3,673,323,290,12,420,1314,1000000,9387.022
comp-2007-2-8,2,200,500,20,21,0.5052,sa(greedy-dsatur),10,1178,0,7,0,0,0,0,3,595,343,240,10,352,1139,1000000,9995.073
comp-2007-2-8,3,200,500,20,21,0.5052,random,1265,2639,0,1229,26,0,0,0,10,1923,209,507,41,1378,1379,200,0.710
comp-2007-2-8,3,200,500,20,21,0.5052,greedy-input,64,1548,0,54,0,0,1,0,9,816,368,364,29,1000,1335,200,5.008
comp-2007-2-8,3,200,500,20,21,0.5052,greedy-random,46,1571,0,43,0,0,1,0,2,807,412,352,27,940,1479,200,4.898
comp-2007-2-8,3,200,500,20,21,0.5052,greedy-largest-degree,43,1465,0,37,0,0,1,0,5,820,341,304,25,826,1438,200,15.585
comp-2007-2-8,3,200,500,20,21,0.5052,greedy-dsatur,21,1578,0,15,0,0,1,0,5,864,402,312,14,447,1575,200,13.902
comp-2007-2-8,3,200,500,20,21,0.5052,descent(greedy-dsatur),13,1427,0,8,0,0,0,0,5,824,317,286,11,376,1455,1000000,12559.689
comp-2007-2-8,3,200,500,20,21,0.5052,sa(greedy-dsatur),4,1129,0,3,0,0,0,0,1,594,289,246,4,137,1141,1000000,11795.555
comp-2007-2-8,4,200,500,20,21,0.5052,random,1357,3067,0,1314,30,0,0,0,13,2379,173,515,39,1341,1603,200,0.680
comp-2007-2-8,4,200,500,20,21,0.5052,greedy-input,64,1548,0,54,0,0,1,0,9,816,368,364,29,1000,1335,200,9.234
comp-2007-2-8,4,200,500,20,21,0.5052,greedy-random,57,1560,0,46,0,0,4,0,7,848,400,312,25,868,1521,200,6.307
comp-2007-2-8,4,200,500,20,21,0.5052,greedy-largest-degree,32,1615,0,26,0,0,1,0,5,899,374,342,21,678,1575,200,7.408
comp-2007-2-8,4,200,500,20,21,0.5052,greedy-dsatur,17,1463,0,11,0,0,1,0,5,720,402,341,13,441,1464,200,9.509
comp-2007-2-8,4,200,500,20,21,0.5052,descent(greedy-dsatur),15,1310,0,11,0,0,0,0,4,682,333,295,11,377,1326,1000000,11727.103
comp-2007-2-8,4,200,500,20,21,0.5052,sa(greedy-dsatur),2,1155,0,2,0,0,0,0,0,663,262,230,2,68,1158,1000000,10668.325
comp-2007-2-8,5,200,500,20,21,0.5052,random,1269,2927,0,1223,36,0,0,0,10,2253,162,512,34,1128,1493,200,0.436
comp-2007-2-8,5,200,500,20,21,0.5052,greedy-input,64,1548,0,54,0,0,1,0,9,816,368,364,29,1000,1335,200,15.752
comp-2007-2-8,5,200,500,20,21,0.5052,greedy-random,65,1518,0,55,0,0,4,0,6,825,365,328,30,1035,1366,200,12.069
comp-2007-2-8,5,200,500,20,21,0.5052,greedy-largest-degree,31,1467,0,26,0,0,0,0,5,826,338,303,21,707,1495,200,11.802
comp-2007-2-8,5,200,500,20,21,0.5052,greedy-dsatur,22,1369,0,16,0,0,1,0,5,673,387,309,17,597,1345,200,12.390
comp-2007-2-8,5,200,500,20,21,0.5052,descent(greedy-dsatur),17,1235,0,12,0,0,0,0,5,673,298,264,15,532,1199,1000000,11207.722
comp-2007-2-8,5,200,500,20,21,0.5052,sa(greedy-dsatur),9,1202,0,7,0,0,0,0,2,596,312,294,8,290,1189,1000000,12016.437
comp-2007-2-8,6,200,500,20,21,0.5052,random,1232,2730,0,1196,25,0,0,0,11,2068,161,501,34,1129,1438,200,0.277
comp-2007-2-8,6,200,500,20,21,0.5052,greedy-input,64,1548,0,54,0,0,1,0,9,816,368,364,29,1000,1335,200,8.741
comp-2007-2-8,6,200,500,20,21,0.5052,greedy-random,56,1479,0,49,0,0,3,0,4,693,418,368,28,971,1330,200,5.876
comp-2007-2-8,6,200,500,20,21,0.5052,greedy-largest-degree,44,1553,0,37,0,0,2,0,5,842,398,313,25,839,1441,200,7.637
comp-2007-2-8,6,200,500,20,21,0.5052,greedy-dsatur,21,1638,0,16,0,0,1,0,4,865,446,327,14,467,1590,200,20.376
comp-2007-2-8,6,200,500,20,21,0.5052,descent(greedy-dsatur),11,1466,0,9,0,0,0,0,2,840,318,308,10,349,1411,1000000,15277.903
comp-2007-2-8,6,200,500,20,21,0.5052,sa(greedy-dsatur),9,1293,0,7,0,0,1,0,1,725,286,282,8,286,1304,1000000,13925.575
comp-2007-2-8,7,200,500,20,21,0.5052,random,1156,2680,0,1118,31,0,0,0,7,1989,171,520,39,1318,1399,200,1.961
comp-2007-2-8,7,200,500,20,21,0.5052,greedy-input,64,1548,0,54,0,0,1,0,9,816,368,364,29,1000,1335,200,9.925
comp-2007-2-8,7,200,500,20,21,0.5052,greedy-random,65,1551,0,52,0,0,5,0,8,795,448,308,36,1245,1417,200,5.973
comp-2007-2-8,7,200,500,20,21,0.5052,greedy-largest-degree,37,1462,0,31,0,0,1,0,5,870,275,317,20,678,1410,200,10.042
comp-2007-2-8,7,200,500,20,21,0.5052,greedy-dsatur,22,1431,0,13,0,0,3,0,6,671,457,303,15,508,1418,200,6.197
comp-2007-2-8,7,200,500,20,21,0.5052,descent(greedy-dsatur),16,1286,0,7,0,0,4,1,4,673,304,309,13,456,1249,1000000,9975.602
comp-2007-2-8,7,200,500,20,21,0.5052,sa(greedy-dsatur),14,1184,0,8,0,0,2,1,3,585,321,278,12,435,1169,1000000,9824.151
comp-2007-2-8,8,200,500,20,21,0.5052,random,1123,2371,0,1084,29,0,0,0,10,1767,129,475,39,1343,1215,200,1.335
comp-2007-2-8,8,200,500,20,21,0.5052,greedy-input,64,1548,0,54,0,0,1,0,9,816,368,364,29,1000,1335,200,8.112
comp-2007-2-8,8,200,500,20,21,0.5052,greedy-random,55,1516,0,49,0,0,1,0,5,815,350,351,34,1168,1306,200,8.799
comp-2007-2-8,8,200,500,20,21,0.5052,greedy-largest-degree,32,1508,0,28,0,0,1,0,3,890,328,290,21,701,1508,200,7.877
comp-2007-2-8,8,200,500,20,21,0.5052,greedy-dsatur,22,1431,0,13,0,0,3,0,6,671,457,303,15,508,1418,200,5.629
comp-2007-2-8,8,200,500,20,21,0.5052,descent(greedy-dsatur),17,1233,0,8,0,0,5,1,3,634,326,273,10,360,1225,1000000,9697.483
comp-2007-2-8,8,200,500,20,21,0.5052,sa(greedy-dsatur),6,1116,0,4,0,0,0,0,2,595,255,266,6,211,1133,1000000,9555.684
comp-2007-2-8,9,200,500,20,21,0.5052,random,1137,2628,0,1097,32,0,0,0,8,1960,160,508,30,1023,1482,200,0.505
comp-2007-2-8,9,200,500,20,21,0.5052,greedy-input,64,1548,0,54,0,0,1,0,9,816,368,364,29,1000,1335,200,8.882
comp-2007-2-8,9,200,500,20,21,0.5052,greedy-random,46,1458,0,40,0,0,1,0,5,717,435,306,28,959,1301,200,8.690
comp-2007-2-8,9,200,500,20,21,0.5052,greedy-largest-degree,33,1514,0,28,0,0,2,0,3,798,379,337,18,615,1516,200,8.702
comp-2007-2-8,9,200,500,20,21,0.5052,greedy-dsatur,17,1463,0,11,0,0,1,0,5,720,402,341,13,441,1464,200,7.535
comp-2007-2-8,9,200,500,20,21,0.5052,descent(greedy-dsatur),14,1338,0,10,0,0,0,0,4,682,359,297,11,369,1370,1000000,9136.495
comp-2007-2-8,9,200,500,20,21,0.5052,sa(greedy-dsatur),9,1296,0,6,0,0,0,0,3,667,317,312,7,252,1298,1000000,9269.338
comp-2007-2-8,10,200,500,20,21,0.5052,random,1009,2658,0,971,28,0,0,0,10,1871,231,556,42,1429,1463,200,0.237
comp-2007-2-8,10,200,500,20,21,0.5052,greedy-input,64,1548,0,54,0,0,1,0,9,816,368,364,29,1000,1335,200,7.467
comp-2007-2-8,10,200,500,20,21,0.5052,greedy-random,67,1509,0,57,0,0,3,0,7,950,279,280,30,1034,1539,200,7.100
comp-2007-2-8,10,200,500,20,21,0.5052,greedy-largest-degree,37,1433,0,32,0,0,2,0,3,767,348,318,25,846,1378,200,5.816
comp-2007-2-8,10,200,500,20,21,0.5052,greedy-dsatur,22,1369,0,16,0,0,1,0,5,673,387,309,17,597,1345,200,5.851
comp-2007-2-8,10,200,500,20,21,0.5052,descent(greedy-dsatur),17,1300,0,13,0,0,0,0,4,659,350,291,13,443,1289,1000000,9277.769
comp-2007-2-8,10,200,500,20,21,0.5052,sa(greedy-dsatur),7,1101,0,5,0,0,0,1,1,582,272,247,6,218,1152,1000000,8796.770
comp-2007-2-9,1,400,500,10,41,0.3192,random,2330,2783,0,2169,144,0,0,0,17,1838,774,171,98,2607,1607,400,0.587
comp-2007-2-9,1,400,500,10,41,0.3192,greedy-input,280,2732,0,211,4,1,53,0,11,1170,1513,49,88,2420,1912,400,20.893
comp-2007-2-9,1,400,500,10,41,0.3192,greedy-random,289,2910,0,220,4,1,51,0,13,1256,1600,54,90,2366,1887,400,25.340
comp-2007-2-9,1,400,500,10,41,0.3192,greedy-largest-degree,172,2838,0,98,2,3,56,0,13,1335,1462,41,80,2102,1956,400,39.052
comp-2007-2-9,1,400,500,10,41,0.3192,greedy-dsatur,174,2864,0,86,4,4,64,0,16,1212,1609,43,85,2223,2020,400,23.356
comp-2007-2-9,1,400,500,10,41,0.3192,descent(greedy-dsatur),93,2694,0,45,14,0,20,3,11,1199,1469,26,62,1641,2119,1000000,10716.952
comp-2007-2-9,1,400,500,10,41,0.3192,sa(greedy-dsatur),92,2738,0,49,22,0,9,3,9,1232,1473,33,60,1575,2160,1000000,9598.805
comp-2007-2-9,2,400,500,10,41,0.3192,random,2208,3033,0,2026,158,0,0,0,24,2065,846,122,94,2384,1799,400,0.525
comp-2007-2-9,2,400,500,10,41,0.3192,greedy-input,280,2732,0,211,4,1,53,0,11,1170,1513,49,88,2420,1912,400,18.552
comp-2007-2-9,2,400,500,10,41,0.3192,greedy-random,305,2746,0,232,2,3,55,0,13,1245,1468,33,97,2656,1799,400,16.084
comp-2007-2-9,2,400,500,10,41,0.3192,greedy-largest-degree,186,2706,0,121,2,1,49,0,13,1252,1428,26,82,2162,1918,400,21.253
comp-2007-2-9,2,400,500,10,41,0.3192,greedy-dsatur,177,2859,0,89,5,3,65,0,15,1185,1631,43,86,2269,2012,400,20.650
comp-2007-2-9,2,400,500,10,41,0.3192,descent(greedy-dsatur),90,2598,0,46,13,0,18,5,8,1125,1444,29,61,1644,2173,1000000,12431.243
comp-2007-2-9,2,400,500,10,41,0.3192,sa(greedy-dsatur),82,2685,0,39,11,0,18,5,9,1179,1475,31,55,1477,2229,1000000,17281.688
comp-2007-2-9,3,400,500,10,41,0.3192,random,2436,2882,0,2281,138,0,0,0,17,2096,664,122,103,2796,1567,400,0.413
comp-2007-2-9,3,400,500,10,41,0.3192,greedy-input,280,2732,0,211,4,1,53,0,11,1170,1513,49,88,2420,1912,400,35.587
comp-2007-2-9,3,400,500,10,41,0.3192,greedy-random,274,2897,0,204,5,1,55,0,9,1325,1519,53,91,2559,1883,400,26.463
comp-2007-2-9,3,400,500,10,41,0.3192,greedy-largest-degree,207,2809,0,134,2,1,57,0,13,1235,1524,50,83,2177,2004,400,24.424
comp-2007-2-9,3,400,500,10,41,0.3192,greedy-dsatur,173,2755,0,99,5,3,53,0,13,1194,1531,30,74,2018,2081,400,36.508
comp-2007-2-9,3,400,500,10,41,0.3192,descent(greedy-dsatur),93,2608,0,54,16,1,9,3,10,1185,1400,23,66,1659,2024,1000000,10452.944
comp-2007-2-9,3,400,500,10,41,0.3192,sa(greedy-dsatur),98,2713,0,54,22,0,8,1,13,1276,1405,32,64,1690,2040,1000000,9267.448
comp-2007-2-9,4,400,500,10,41,0.3192,random,2376,2974,0,2215,141,0,0,0,20,1937,857,180,101,2675,1701,400,0.421
comp-2007-2-9,4,400,500,10,41,0.3192,greedy-input,280,2732,0,211,4,1,53,0,11,1170,1513,49,88,2420,1912,400,18.626
comp-2007-2-9,4,400,500,10,41,0.3192,greedy-random,281,2873,0,202,8,2,47,0,22,1356,1463,54,84,2337,1944,400,22.077
comp-2007-2-9,4,400,500,10,41,0.3192,greedy-largest-degree,197,2805,0,126,3,1,51,0,16,1286,1466,53,79,2142,2047,400,22.414
comp-2007-2-9,4,400,500,10,41,0.3192,greedy-dsatur,173,2755,0,99,5,3,53,0,13,1194,1531,30,74,2018,2081,400,18.286
comp-2007-2-9,4,400,500,10,41,0.3192,descent(greedy-dsatur),102,2687,0,64,16,0,8,5,9,1242,1415,30,67,1796,2087,1000000,9231.987
comp-2007-2-9,4,400,500,10,41,0.3192,sa(greedy-dsatur),91,2645,0,52,16,0,8,3,12,1127,1485,33,63,1736,2035,1000000,9462.646
comp-2007-2-9,5,400,500,10,41,0.3192,random,2434,3519,0,2267,148,0,0,0,19,2632,755,132,101,2575,1689,400,0.412
comp-2007-2-9,5,400,500,10,41,0.3192,greedy-input,280,2732,0,211,4,1,53,0,11,1170,1513,49,88,2420,1912,400,18.148
comp-2007-2-9,5,400,500,10,41,0.3192,greedy-random,253,2655,0,179,4,0,53,0,17,1165,1451,39,85,2386,1763,400,15.372
comp-2007-2-9,5,400,500,10,41,0.3192,greedy-largest-degree,191,2742,0,128,2,2,48,0,11,1284,1418,40,89,2336,1756,400,23.787
comp-2007-2-9,5,400,500,10,41,0.3192,greedy-dsatur,162,2833,0,78,6,1,61,0,16,1171,1618,44,84,2228,2010,400,20.896
comp-2007-2-9,5,400,500,10,41,0.3192,descent(greedy-dsatur),94,2559,0,45,20,1,12,3,13,1076,1456,27,64,1707,2073,1000000,9060.816
comp-2007-2-9,5,400,500,10,41,0.3192,sa(greedy-dsatur),108,2700,0,58,22,0,14,3,11,1152,1513,35,72,1910,2043,1000000,8631.938
comp-2007-2-9,6,400,500,10,41,0.3192,random,2287,3141,0,2117,146,0,0,0,24,2094,925,122,103,2697,1640,400,0.844
comp-2007-2-9,6,400,500,10,41,0.3192,greedy-input,280,2732,0,211,4,1,53,0,11,1170,1513,49,88,2420,1912,400,15.489
comp-2007-2-9,6,400,500,10,41,0.3192,greedy-random,301,2897,0,226,1,1,60,0,13,1326,1514,57,92,2599,1907,400,17.636
comp-2007-2-9,6,400,500,10,41,0.3192,greedy-largest-degree,194,2715,0,123,0,1,57,0,13,1331,1352,32,80,2115,2070,400,20.021
comp-2007-2-9,6,400,500,10,41,0.3192,greedy-dsatur,163,2552,0,93,4,3,49,0,14,1056,1469,27,85,2268,1763,400,20.939
comp-2007-2-9,6,400,500,10,41,0.3192,descent(greedy-dsatur),107,2497,0,67,14,0,13,3,10,1083,1394,20,69,1795,1897,1000000,9201.512
comp-2007-2-9,6,400,500,10,41,0.3192,sa(greedy-dsatur),91,2596,0,50,16,0,11,3,11,1165,1410,21,63,1683,1870,1000000,8711.747
comp-2007-2-9,7,400,500,10,41,0.3192,random,2479,3501,0,2308,154,0,0,0,17,2573,757,171,99,2650,1626,400,0.440
comp-2007-2-9,7,400,500,10,41,0.3192,greedy-input,280,2732,0,211,4,1,53,0,11,1170,1513,49,88,2420,1912,400,25.764
comp-2007-2-9,7,400,500,10,41,0.3192,greedy-random,300,2863,0,229,3,1,50,0,17,1256,1561,46,92,2621,1883,400,18.845
comp-2007-2-9,7,400,500,10,41,0.3192,greedy-largest-degree,215,2884,0,139,3,3,54,0,16,1308,1536,40,83,2217,1943,400,24.639
comp-2007-2-9,7,400,500,10,41,0.3192,greedy-dsatur,180,2844,0,95,5,3,62,0,15,1225,1575,44,83,2214,2068,400,21.414
comp-2007-2-9,7,400,500,10,41,0.3192,descent(greedy-dsatur),93,2711,0,51,20,0,10,4,8,1171,1504,36,60,1676,2148,1000000,8610.669
comp-2007-2-9,7,400,500,10,41,0.3192,sa(greedy-dsatur),81,2637,0,40,20,0,10,4,7,1164,1449,24,58,1580,2064,1000000,8675.537
comp-2007-2-9,8,400,500,10,41,0.3192,random,2305,2901,0,2140,149,0,0,0,16,1922,852,127,103,2738,1515,400,0.483
comp-2007-2-9,8,400,500,10,41,0.3192,greedy-input,280,2732,0,211,4,1,53,0,11,1170,1513,49,88,2420,1912,400,21.678
comp-2007-2-9,8,400,500,10,41,0.3192,greedy-random,268,2868,0,197,2,0,53,0,16,1278,1545,45,97,2655,1869,400,27.158
comp-2007-2-9,8,400,500,10,41,0.3192,greedy-largest-degree,215,2794,0,137,2,1,59,0,16,1337,1404,53,86,2318,1949,400,18.441
comp-2007-2-9,8,400,500,10,41,0.3192,greedy-dsatur,175,2900,0,85,5,5,64,0,16,1210,1648,42,85,2248,2136,400,13.714
comp-2007-2-9,8,400,500,10,41,0.3192,descent(greedy-dsatur),104,2637,0,59,18,0,15,6,6,1153,1453,31,67,1792,2089,1000000,9809.730
comp-2007-2-9,8,400,500,10,41,0.3192,sa(greedy-dsatur),101,2679,0,50,20,0,18,4,9,1158,1498,23,72,1944,1995,1000000,9559.554
comp-2007-2-9,9,400,500,10,41,0.3192,random,2500,3415,0,2333,150,0,0,0,17,2381,853,181,92,2460,1887,400,1.473
comp-2007-2-9,9,400,500,10,41,0.3192,greedy-input,280,2732,0,211,4,1,53,0,11,1170,1513,49,88,2420,1912,400,17.555
comp-2007-2-9,9,400,500,10,41,0.3192,greedy-random,260,2839,0,189,5,0,49,0,17,1231,1566,42,86,2461,1866,400,19.323
comp-2007-2-9,9,400,500,10,41,0.3192,greedy-largest-degree,192,2745,0,113,1,4,61,0,13,1251,1451,43,87,2275,1921,400,21.099
comp-2007-2-9,9,400,500,10,41,0.3192,greedy-dsatur,181,2851,0,97,6,2,61,0,15,1198,1608,45,84,2247,2072,400,20.027
comp-2007-2-9,9,400,500,10,41,0.3192,descent(greedy-dsatur),99,2721,0,55,14,0,18,3,9,1204,1494,23,64,1696,2211,1000000,9598.878
comp-2007-2-9,9,400,500,10,41,0.3192,sa(greedy-dsatur),91,2560,0,44,20,0,13,4,10,1096,1432,32,64,1721,2103,1000000,9960.316
comp-2007-2-9,10,400,500,10,41,0.3192,random,2596,2839,0,2432,149,0,0,0,15,1928,727,184,102,2625,1599,400,2.336
comp-2007-2-9,10,400,500,10,41,0.3192,greedy-input,280,2732,0,211,4,1,53,0,11,1170,1513,49,88,2420,1912,400,15.186
comp-2007-2-9,10,400,500,10,41,0.3192,greedy-random,295,2730,0,224,2,4,55,0,10,1211,1471,48,92,2551,1744,400,20.145
comp-2007-2-9,10,400,500,10,41,0.3192,greedy-largest-degree,190,2745,0,123,2,2,49,0,14,1208,1499,38,73,1962,1926,400,26.959
comp-2007-2-9,10,400,500,10,41,0.3192,greedy-dsatur,173,2755,0,99,5,3,53,0,13,1194,1531,30,74,2018,2081,400,70.304
comp-2007-2-9,10,400,500,10,41,0.3192,descent(greedy-dsatur),93,2646,0,56,13,0,11,1,12,1209,1409,28,62,1627,2164,1000000,10263.626
comp-2007-2-9,10,400,500,10,41,0.3192,sa(greedy-dsatur),100,2660,0,59,18,0,8,2,13,1143,1493,24,67,1790,2168,1000000,9916.629
comp-2007-2-10,1,400,500,10,40,0.3682,random,2389,3091,0,2217,150,0,0,0,22,2180,695,216,108,2728,1683,400,0.667
comp-2007-2-10,1,400,500,10,40,0.3682,greedy-input,324,2609,0,243,7,0,61,0,13,1233,1325,51,95,2556,1755,400,33.363
comp-2007-2-10,1,400,500,10,40,0.3682,greedy-random,332,2629,0,257,6,0,53,0,16,1242,1348,39,104,2782,1735,400,21.323
comp-2007-2-10,1,400,500,10,40,0.3682,greedy-largest-degree,261,2535,0,193,2,0,51,0,15,1118,1372,45,97,2424,1800,400,22.593
comp-2007-2-10,1,400,500,10,40,0.3682,greedy-dsatur,210,2677,0,145,3,0,50,0,12,1206,1434,37,88,2265,1954,400,29.393
comp-2007-2-10,1,400,500,10,40,0.3682,descent(greedy-dsatur),134,2591,0,91,16,0,11,5,11,1186,1367,38,75,1931,1949,1000000,11117.992
comp-2007-2-10,1,400,500,10,40,0.3682,sa(greedy-dsatur),114,2590,0,67,18,0,11,7,11,1156,1400,34,65,1728,2043,1000000,10236.887
comp-2007-2-10,2,400,500,10,40,0.3682,random,2318,3282,0,2147,152,0,0,0,19,2360,742,180,109,2737,1757,400,2.280
comp-2007-2-10,2,400,500,10,40,0.3682,greedy-input,324,2609,0,243,7,0,61,0,13,1233,1325,51,95,2556,1755,400,30.167
comp-2007-2-10,2,400,500,10,40,0.3682,greedy-random,300,2798,0,229,4,0,51,0,16,1221,1521,56,101,2592,1772,400,15.964
comp-2007-2-10,2,400,500,10,40,0.3682,greedy-largest-degree,260,2698,0,185,4,0,59,0,12,1373,1278,47,105,2578,1780,400,18.927
comp-2007-2-10,2,400,500,10,40,0.3682,greedy-dsatur,218,2689,0,142,9,0,54,0,13,1218,1418,53,88,2277,1983,400,44.606
comp-2007-2-10,2,400,500,10,40,0.3682,descent(greedy-dsatur),134,2600,0,88,20,0,11,4,11,1138,1425,37,76,1926,2086,1000000,15034.261
comp-2007-2-10,2,400,500,10,40,0.3682,sa(greedy-dsatur),135,2640,0,91,19,0,9,4,12,1133,1460,47,76,1943,2001,1000000,13295.749
comp-2007-2-10,3,400,500,10,40,0.3682,random,2407,3065,0,2242,141,0,0,0,24,2100,773,192,118,3052,1593,400,0.820
comp-2007-2-10,3,400,500,10,40,0.3682,greedy-input,324,2609,0,243,7,0,61,0,13,1233,1325,51,95,2556,1755,400,22.088
comp-2007-2-10,3,400,500,10,40,0.3682,greedy-random,323,2633,0,259,3,0,51,0,10,1237,1346,50,98,2609,1730,400,51.032
comp-2007-2-10,3,400,500,10,40,0.3682,greedy-largest-degree,258,2749,0,191,2,0,51,0,14,1359,1340,50,101,2478,1889,400,28.756
comp-2007-2-10,3,400,500,10,40,0.3682,greedy-dsatur,191,2753,0,132,5,0,46,0,8,1150,1551,52,85,2134,2041,400,24.600
comp-2007-2-10,3,400,500,10,40,0.3682,descent(greedy-dsatur),131,2550,0,89,16,0,13,4,9,1054,1445,51,73,1833,1996,1000000,10327.696
comp-2007-2-10,3,400,500,10,40,0.3682,sa(greedy-dsatur),123,2565,0,78,16,0,11,8,10,1078,1442,45,73,1839,2050,1000000,9068.234
comp-2007-2-10,4,400,500,10,40,0.3682,random,2457,3375,0,2280,158,0,0,0,19,2380,810,185,110,2771,1706,400,0.512
comp-2007-2-10,4,400,500,10,40,0.3682,greedy-input,324,2609,0,243,7,0,61,0,13,1233,1325,51,95,2556,1755,400,52.717
comp-2007-2-10,4,400,500,10,40,0.3682,greedy-random,310,2685,0,235,4,0,55,0,16,1357,1282,46,98,2596,1717,400,23.383
comp-2007-2-10,4,400,500,10,40,0.3682,greedy-largest-degree,253,2711,0,191,3,0,53,0,6,1340,1314,57,95,2388,1819,400,24.586
comp-2007-2-10,4,400,500,10,40,0.3682,greedy-dsatur,215,2653,0,150,2,0,58,0,5,1167,1433,53,81,2027,2013,400,32.823
comp-2007-2-10,4,400,500,10,40,0.3682,descent(greedy-dsatur),131,2556,0,92,16,0,15,4,4,1168,1340,48,76,1846,2033,1000000,9535.195
comp-2007-2-10,4,400,500,10,40,0.3682,sa(greedy-dsatur),113,2640,0,77,18,0,10,3,5,1229,1380,31,73,1859,2035,1000000,9348.096
comp-2007-2-10,5,400,500,10,40,0.3682,random,2372,3358,0,2201,150,0,0,0,21,2643,542,173,116,2843,1746,400,0.460
comp-2007-2-10,5,400,500,10,40,0.3682,greedy-input,324,2609,0,243,7,0,61,0,13,1233,1325,51,95,2556,1755,400,18.482
comp-2007-2-10,5,400,500,10,40,0.3682,greedy-random,310,2603,0,231,2,0,58,0,19,1200,1362,41,105,2762,1612,400,14.454
comp-2007-2-10,5,400,500,10,40,0.3682,greedy-largest-degree,281,2558,0,214,3,0,50,0,14,1235,1279,44,103,2523,1838,400,22.782
comp-2007-2-10,5,400,500,10,40,0.3682,greedy-dsatur,200,2830,0,138,5,0,48,0,9,1187,1595,48,86,2132,2065,400,23.747
comp-2007-2-10,5,400,500,10,40,0.3682,descent(greedy-dsatur),116,2600,0,77,15,0,10,4,10,1088,1478,34,64,1644,2104,1000000,8551.122
comp-2007-2-10,5,400,500,10,40,0.3682,sa(greedy-dsatur),114,2611,0,73,15,0,10,4,12,1093,1482,36,72,1791,2079,1000000,8729.493
comp-2007-2-10,6,400,500,10,40,0.3682,random,2226,2777,0,2064,144,0,0,0,18,1923,688,166,111,2932,1712,400,0.623
comp-2007-2-10,6,400,500,10,40,0.3682,greedy-input,324,2609,0,243,7,0,61,0,13,1233,1325,51,95,2556,1755,400,17.407
comp-2007-2-10,6,400,500,10,40,0.3682,greedy-random,322,2827,0,246,5,0,60,0,11,1239,1540,48,105,2821,1797,400,16.955
comp-2007-2-10,6,400,500,10,40,0.3682,greedy-largest-degree,268,2859,0,199,3,0,53,0,13,1317,1484,58,99,2487,1893,400,16.868
comp-2007-2-10,6,400,500,10,40,0.3682,greedy-dsatur,210,2677,0,145,3,0,50,0,12,1206,1434,37,88,2265,1954,400,18.009
comp-2007-2-10,6,400,500,10,40,0.3682,descent(greedy-dsatur),135,2580,0,97,17,0,11,0,10,1147,1407,26,73,1894,1997,1000000,9044.602
comp-2007-2-10,6,400,500,10,40,0.3682,sa(greedy-dsatur),122,2639,0,69,21,0,14,7,11,1152,1442,45,73,1880,2087,1000000,8465.634
comp-2007-2-10,7,400,500,10,40,0.3682,random,2376,3218,0,2203,155,0,0,0,18,2287,751,180,117,2940,1714,400,0.433
comp-2007-2-10,7,400,500,10,40,0.3682,greedy-input,324,2609,0,243,7,0,61,0,13,1233,1325,51,95,2556,1755,400,12.770
comp-2007-2-10,7,400,500,10,40,0.3682,greedy-random,325,2619,0,260,1,0,53,0,11,1225,1324,70,110,2914,1620,400,14.514
comp-2007-2-10,7,400,500,10,40,0.3682,greedy-largest-degree,247,2689,0,178,2,0,52,0,15,1329,1311,49,91,2307,1836,400,18.120
comp-2007-2-10,7,400,500,10,40,0.3682,greedy-dsatur,201,2782,0,140,5,0,49,0,7,1270,1465,47,90,2311,1959,400,17.121
comp-2007-2-10,7,400,500,10,40,0.3682,descent(greedy-dsatur),138,2692,0,102,13,0,11,3,9,1191,1468,33,78,1974,1976,1000000,8559.760
comp-2007-2-10,7,400,500,10,40,0.3682,sa(greedy-dsatur),107,2768,0,71,19,0,7,4,6,1315,1410,43,68,1723,2107,1000000,8957.526
comp-2007-2-10,8,400,500,10,40,0.3682,random,2368,3080,0,2204,141,0,0,0,23,2328,597,155,121,3083,1536,400,0.774
comp-2007-2-10,8,400,500,10,40,0.3682,greedy-input,324,2609,0,243,7,0,61,0,13,1233,1325,51,95,2556,1755,400,24.637
comp-2007-2-10,8,400,500,10,40,0.3682,greedy-random,323,2774,0,251,2,0,56,0,14,1174,1550,50,105,2867,1726,400,15.812
comp-2007-2-10,8,400,500,10,40,0.3682,greedy-largest-degree,276,2849,0,215,3,0,51,0,7,1295,1488,66,94,2322,1930,400,19.302
comp-2007-2-10,8,400,500,10,40,0.3682,greedy-dsatur,201,2782,0,140,5,0,49,0,7,1270,1465,47,90,2311,1959,400,24.388
comp-2007-2-10,8,400,500,10,40,0.3682,descent(greedy-dsatur),139,2600,0,104,10,0,14,6,5,1121,1446,33,76,2015,1802,1000000,10373.095
comp-2007-2-10,8,400,500,10,40,0.3682,sa(greedy-dsatur),129,2735,0,86,15,0,10,12,6,1288,1408,39,75,1912,2006,1000000,9477.157
comp-2007-2-10,9,400,500,10,40,0.3682,random,2178,2999,0,2011,147,0,0,0,20,2068,763,168,112,2849,1674,400,0.406
comp-2007-2-10,9,400,500,10,40,0.3682,greedy-input,324,2609,0,243,7,0,61,0,13,1233,1325,51,95,2556,1755,400,17.000
comp-2007-2-10,9,400,500,10,40,0.3682,greedy-random,320,2745,0,237,4,0,63,0,16,1252,1441,52,105,2813,1705,400,19.843
comp-2007-2-10,9,400,500,10,40,0.3682,greedy-largest-degree,268,2916,0,203,4,0,51,0,10,1254,1614,48,95,2418,2036,400,17.227
comp-2007-2-10,9,400,500,10,40,0.3682,greedy-dsatur,201,2782,0,140,5,0,49,0,7,1270,1465,47,90,2311,1959,400,22.285
comp-2007-2-10,9,400,500,10,40,0.3682,descent(greedy-dsatur),133,2675,0,94,13,0,12,7,7,1193,1450,32,79,1961,1985,1000000,9690.224
comp-2007-2-10,9,400,500,10,40,0.3682,sa(greedy-dsatur),121,2698,0,79,14,0,12,10,6,1249,1416,33,72,1840,2088,1000000,10633.127
comp-2007-2-10,10,400,500,10,40,0.3682,random,2370,3154,0,2197,155,0,0,0,18,2438,526,190,117,2947,1692,400,0.941
comp-2007-2-10,10,400,500,10,40,0.3682,greedy-input,324,2609,0,243,7,0,61,0,13,1233,1325,51,95,2556,1755,400,19.768
comp-2007-2-10,10,400,500,10,40,0.3682,greedy-random,327,2546,0,253,4,0,56,0,14,1088,1408,50,104,2790,1556,400,18.640
comp-2007-2-10,10,400,500,10,40,0.3682,greedy-largest-degree,268,2732,0,200,3,0,49,0,16,1297,1381,54,95,2356,1931,400,16.206
comp-2007-2-10,10,400,500,10,40,0.3682,greedy-dsatur,210,2677,0,145,3,0,50,0,12,1206,1434,37,88,2265,1954,400,21.892
comp-2007-2-10,10,400,500,10,40,0.3682,descent(greedy-dsatur),135,2653,0,91,16,0,11,3,14,1177,1444,32,72,1828,2056,1000000,10385.818
comp-2007-2-10,10,400,500,10,40,0.3682,sa(greedy-dsatur),125,2620,0,75,22,0,10,6,12,1270,1323,27,68,1790,2104,1000000,10429.448
comp-2007-2-11,1,200,1000,10,21,0.4922,random,2016,4453,0,1950,57,0,0,0,9,3129,346,978,38,2729,2227,200,0.438
comp-2007-2-11,1,200,1000,10,21,0.4922,greedy-input,85,2646,0,71,0,0,7,0,7,1370,646,630,28,2027,2481,200,20.557
comp-2007-2-11,1,200,1000,10,21,0.4922,greedy-random,69,2681,0,61,0,0,3,0,5,1396,769,516,20,1622,2760,200,11.841
comp-2007-2-11,1,200,1000,10,21,0.4922,greedy-largest-degree,28,2410,0,18,0,0,6,0,4,1258,571,581,17,1099,2344,200,11.706
comp-2007-2-11,1,200,1000,10,21,0.4922,greedy-dsatur,22,2107,0,20,0,0,1,0,1,1001,540,566,11,871,2095,200,14.777
comp-2007-2-11,1,200,1000,10,21,0.4922,descent(greedy-dsatur),12,1972,0,10,0,0,0,2,0,1099,380,493,11,837,2001,1000000,15325.688
comp-2007-2-11,1,200,1000,10,21,0.4922,sa(greedy-dsatur),5,1950,0,4,0,0,1,0,0,1084,412,454,5,376,2038,1000000,16182.743
comp-2007-2-11,2,200,1000,10,21,0.4922,random,2068,3844,0,2006,50,0,0,0,12,2586,331,927,33,2289,2355,200,0.962
comp-2007-2-11,2,200,1000,10,21,0.4922,greedy-input,85,2646,0,71,0,0,7,0,7,1370,646,630,28,2027,2481,200,24.957
comp-2007-2-11,2,200,1000,10,21,0.4922,greedy-random,84,3353,0,70,0,0,8,0,6,1700,962,691,29,2145,2755,200,22.166
comp-2007-2-11,2,200,1000,10,21,0.4922,greedy-largest-degree,30,2527,0,27,0,0,2,0,1,1340,609,578,14,1031,2517,200,16.533
comp-2007-2-11,2,200,1000,10,21,0.4922,greedy-dsatur,17,2234,0,11,0,0,3,0,3,1169,572,493,10,718,2238,200,15.861
comp-2007-2-11,2,200,1000,10,21,0.4922,descent(greedy-dsatur),9,1930,0,8,0,0,0,0,1,1048,432,450,5,387,1981,1000000,17165.661
comp-2007-2-11,2,200,1000,10,21,0.4922,sa(greedy-dsatur),3,1483,0,2,0,0,0,0,1,708,404,371,2,147,1459,1000000,17528.690
comp-2007-2-11,3,200,1000,10,21,0.4922,random,1975,4927,0,1915,52,0,0,0,8,3525,442,960,34,2406,2605,200,0.743
comp-2007-2-11,3,200,1000,10,21,0.4922,greedy-input,85,2646,0,71,0,0,7,0,7,1370,646,630,28,2027,2481,200,22.359
comp-2007-2-11,3,200,1000,10,21,0.4922,greedy-random,99,2614,0,84,0,0,5,0,10,1307,659,648,26,2011,2528,200,24.925
comp-2007-2-11,3,200,1000,10,21,0.4922,greedy-largest-degree,39,2205,0,35,0,0,4,0,0,968,642,595,18,1386,2269,200,21.476
comp-2007-2-11,3,200,1000,10,21,0.4922,greedy-dsatur,31,2443,0,23,0,0,4,0,4,1222,655,566,16,1203,2371,200,26.241
comp-2007-2-11,3,200,1000,10,21,0.4922,descent(greedy-dsatur),19,2360,0,12,0,1,1,2,3,1159,655,546,15,1101,2322,1000000,19207.042
comp-2007-2-11,3,200,1000,10,21,0.4922,sa(greedy-dsatur),7,2018,0,3,0,0,0,2,2,1189,377,452,7,551,1933,1000000,21222.151
comp-2007-2-11,4,200,1000,10,21,0.4922,random,1940,4185,0,1882,49,0,0,0,9,2340,761,1084,37,2656,2393,200,0.807
comp-2007-2-11,4,200,1000,10,21,0.4922,greedy-input,85,2646,0,71,0,0,7,0,7,1370,646,630,28,2027,2481,200,28.458
comp-2007-2-11,4,200,1000,10,21,0.4922,greedy-random,69,2832,0,58,0,2,4,0,5,1345,837,650,23,1829,2758,200,21.751
comp-2007-2-11,4,200,1000,10,21,0.4922,greedy-largest-degree,47,2434,0,41,0,0,5,0,1,1321,531,582,19,1400,2395,200,19.574
comp-2007-2-11,4,200,1000,10,21,0.4922,greedy-dsatur,23,2642,0,17,0,0,4,0,2,1432,704,506,14,973,2631,200,26.734
comp-2007-2-11,4,200,1000,10,21,0.4922,descent(greedy-dsatur),15,2233,0,11,0,0,1,1,2,1169,584,480,11,765,2358,1000000,19485.140
comp-2007-2-11,4,200,1000,10,21,0.4922,sa(greedy-dsatur),5,2045,0,4,0,0,0,0,1,1257,425,363,5,328,2077,1000000,16714.900
comp-2007-2-11,5,200,1000,10,21,0.4922,random,2005,5294,0,1942,49,0,0,0,14,3499,607,1188,37,2673,2464,200,0.341
comp-2007-2-11,5,200,1000,10,21,0.4922,greedy-input,85,2646,0,71,0,0,7,0,7,1370,646,630,28,2027,2481,200,22.861
comp-2007-2-11,5,200,1000,10,21,0.4922,greedy-random,79,3087,0,68,0,1,5,0,5,1744,676,667,25,1916,2994,200,17.394
comp-2007-2-11,5,200,1000,10,21,0.4922,greedy-largest-degree,38,2312,0,31,0,0,6,0,1,1123,668,521,15,985,2273,200,19.747
comp-2007-2-11,5,200,1000,10,21,0.4922,greedy-dsatur,25,2361,0,19,0,0,3,0,3,912,897,552,16,948,2336,200,21.747
comp-2007-2-11,5,200,1000,10,21,0.4922,descent(greedy-dsatur),17,2105,0,14,0,0,2,0,1,1030,607,468,11,722,2220,1000000,17504.324
comp-2007-2-11,5,200,1000,10,21,0.4922,sa(greedy-dsatur),12,1952,0,10,0,0,1,0,1,881,595,476,10,653,1962,1000000,16056.008
comp-2007-2-11,6,200,1000,10,21,0.4922,random,2077,4190,0,2018,49,0,0,0,10,2644,454,1092,38,2703,2447,200,0.698
comp-2007-2-11,6,200,1000,10,21,0.4922,greedy-input,85,2646,0,71,0,0,7,0,7,1370,646,630,28,2027,2481,200,11.105
comp-2007-2-11,6,200,1000,10,21,0.4922,greedy-random,97,2764,0,85,0,0,5,0,7,1368,730,666,29,2099,2686,200,12.581
comp-2007-2-11,6,200,1000,10,21,0.4922,greedy-largest-degree,30,2366,0,21,0,0,5,0,4,1228,557,581,19,1351,2285,200,15.507
comp-2007-2-11,6,200,1000,10,21,0.4922,greedy-dsatur,16,2372,0,12,0,0,2,0,2,1266,594,512,9,532,2346,200,17.930
comp-2007-2-11,6,200,1000,10,21,0.4922,descent(greedy-dsatur),13,2141,0,10,0,0,0,1,2,1178,518,445,8,530,2172,1000000,15954.166
comp-2007-2-11,6,200,1000,10,21,0.4922,sa(greedy-dsatur),8,2024,0,6,0,0,0,2,0,1091,508,425,7,512,2012,1000000,15697.458
comp-2007-2-11,7,200,1000,10,21,0.4922,random,2130,4340,0,2063,59,0,0,0,8,2908,350,1082,33,2408,2347,200,0.402
comp-2007-2-11,7,200,1000,10,21,0.4922,greedy-input,85,2646,0,71,0,0,7,0,7,1370,646,630,28,2027,2481,200,16.456
comp-2007-2-11,7,200,1000,10,21,0.4922,greedy-random,81,2875,0,73,0,0,3,0,5,1602,644,629,23,1728,2512,200,10.980
comp-2007-2-11,7,200,1000,10,21,0.4922,greedy-largest-degree,35,2482,0,29,0,0,6,0,0,1377,566,539,18,1267,2281,200,11.741
comp-2007-2-11,7,200,1000,10,21,0.4922,greedy-dsatur,16,2365,0,12,0,0,2,0,2,1266,594,505,9,532,2347,200,14.657
comp-2007-2-11,7,200,1000,10,21,0.4922,descent(greedy-dsatur),9,2210,0,6,0,0,0,1,2,1273,503,434,7,453,2258,1000000,15703.558
comp-2007-2-11,7,200,1000,10,21,0.4922,sa(greedy-dsatur),5,1896,0,3,0,0,1,0,1,978,465,453,4,316,1917,1000000,15313.446
comp-2007-2-11,8,200,1000,10,21,0.4922,random,1962,4008,0,1908,44,0,0,0,10,2501,442,1065,27,1971,2588,200,0.410
comp-2007-2-11,8,200,1000,10,21,0.4922,greedy-input,85,2646,0,71,0,0,7,0,7,1370,646,630,28,2027,2481,200,15.830
comp-2007-2-11,8,200,1000,10,21,0.4922,greedy-random,83,2572,0,75,0,1,5,0,2,1298,586,688,31,2310,2523,200,11.697
comp-2007-2-11,8,200,1000,10,21,0.4922,greedy-largest-degree,34,2625,0,27,0,0,6,0,1,1445,612,568,16,1128,2492,200,14.550
comp-2007-2-11,8,200,1000,10,21,0.4922,greedy-dsatur,31,2313,0,26,0,0,4,0,1,1203,584,526,18,1200,2398,200,14.077
comp-2007-2-11,8,200,1000,10,21,0.4922,descent(greedy-dsatur),15,2199,0,14,0,0,0,0,1,1275,423,501,11,792,2215,1000000,15350.125
comp-2007-2-11,8,200,1000,10,21,0.4922,sa(greedy-dsatur),11,2150,0,8,0,0,0,1,2,1243,430,477,11,809,2210,1000000,18470.362
comp-2007-2-11,9,200,1000,10,21,0.4922,random,1902,4616,0,1849,44,0,0,0,9,3051,517,1048,33,2475,2363,200,0.449
comp-2007-2-11,9,200,1000,10,21,0.4922,greedy-input,85,2646,0,71,0,0,7,0,7,1370,646,630,28,2027,2481,200,10.701
comp-2007-2-11,9,200,1000,10,21,0.4922,greedy-random,86,2747,0,72,0,1,4,0,9,1398,669,680,28,2095,2556,200,13.227
comp-2007-2-11,9,200,1000,10,21,0.4922,greedy-largest-degree,30,2656,0,27,0,0,1,0,2,1341,712,603,11,779,2591,200,15.962
comp-2007-2-11,9,200,1000,10,21,0.4922,greedy-dsatur,33,2737,0,28,0,0,3,0,2,1331,757,649,19,1140,2691,200,18.622
comp-2007-2-11,9,200,1000,10,21,0.4922,descent(greedy-dsatur),16,2165,0,12,0,0,1,2,1,1034,610,521,13,808,2291,1000000,16203.871
comp-2007-2-11,9,200,1000,10,21,0.4922,sa(greedy-dsatur),15,2361,0,13,0,0,1,1,0,1100,711,550,14,884,2326,1000000,15831.823
comp-2007-2-11,10,200,1000,10,21,0.4922,random,1883,4289,0,1826,50,0,0,0,7,2360,815,1114,32,2347,2396,200,0.358
comp-2007-2-11,10,200,1000,10,21,0.4922,greedy-input,85,2646,0,71,0,0,7,0,7,1370,646,630,28,2027,2481,200,11.849
comp-2007-2-11,10,200,1000,10,21,0.4922,greedy-random,84,2603,0,74,0,0,5,0,5,1220,758,625,24,1775,2727,200,16.015
comp-2007-2-11,10,200,1000,10,21,0.4922,greedy-largest-degree,32,2617,0,23,0,0,8,0,1,1205,791,621,18,1305,2486,200,13.378
comp-2007-2-11,10,200,1000,10,21,0.4922,greedy-dsatur,29,2477,0,23,0,0,2,0,4,1154,715,608,18,1095,2416,200,11.289
comp-2007-2-11,10,200,1000,10,21,0.4922,descent(greedy-dsatur),18,2180,0,14,0,0,1,1,2,1083,595,502,14,918,2187,1000000,15903.114
comp-2007-2-11,10,200,1000,10,21,0.4922,sa(greedy-dsatur),10,1833,0,7,0,0,1,0,2,883,573,377,8,526,1896,1000000,17489.471
comp-2007-2-12,1,200,1000,10,20,0.5787,random,1826,3621,0,1770,49,0,0,0,7,2337,326,958,40,2662,2487,200,0.389
comp-2007-2-12,1,200,1000,10,20,0.5787,greedy-input,98,2949,0,86,0,0,5,0,7,1488,805,656,32,2269,2773,200,12.985
comp-2007-2-12,1,200,1000,10,20,0.5787,greedy-random,86,2495,0,78,0,0,2,0,6,1313,614,568,32,2248,2287,200,11.065
comp-2007-2-12,1,200,1000,10,20,0.5787,greedy-largest-degree,55,2601,0,47,0,0,3,0,5,1488,593,520,28,1733,2403,200,18.258
comp-2007-2-12,1,200,1000,10,20,0.5787,greedy-dsatur,35,2557,0,28,0,0,3,0,4,1469,528,560,22,1424,2400,200,17.427
comp-2007-2-12,1,200,1000,10,20,0.5787,descent(greedy-dsatur),25,2502,0,19,0,0,2,1,3,1473,537,492,17,1111,2550,1000000,15535.956
comp-2007-2-12,1,200,1000,10,20,0.5787,sa(greedy-dsatur),18,2298,0,13,0,0,2,1,2,1397,432,469,14,923,2304,1000000,16749.263
comp-2007-2-12,2,200,1000,10,20,0.5787,random,1899,4250,0,1843,45,0,0,0,11,2824,353,1073,39,2687,2395,200,0.752
comp-2007-2-12,2,200,1000,10,20,0.5787,greedy-input,98,2949,0,86,0,0,5,0,7,1488,805,656,32,2269,2773,200,12.816
comp-2007-2-12,2,200,1000,10,20,0.5787,greedy-random,98,2648,0,86,0,0,6,0,6,1356,632,660,32,2213,2544,200,14.756
comp-2007-2-12,2,200,1000,10,20,0.5787,greedy-largest-degree,46,2554,0,36,0,0,3,0,7,1448,561,545,30,1925,2492,200,12.153
comp-2007-2-12,2,200,1000,10,20,0.5787,greedy-dsatur,36,2603,0,29,0,0,5,0,2,1354,639,610,25,1757,2356,200,14.712
comp-2007-2-12,2,200,1000,10,20,0.5787,descent(greedy-dsatur),22,2378,0,19,0,0,2,1,0,1223,616,539,17,1190,2443,1000000,16586.324
comp-2007-2-12,2,200,1000,10,20,0.5787,sa(greedy-dsatur),20,2255,0,18,0,0,1,1,0,1147,563,545,16,1074,2282,1000000,18929.956
comp-2007-2-12,3,200,1000,10,20,0.5787,random,1930,3898,0,1872,48,0,0,0,10,2560,372,966,41,2758,2374,200,0.437
comp-2007-2-12,3,200,1000,10,20,0.5787,greedy-input,98,2949,0,86,0,0,5,0,7,1488,805,656,32,2269,2773,200,13.681
comp-2007-2-12,3,200,1000,10,20,0.5787,greedy-random,79,2826,0,64,0,0,7,0,8,1379,764,683,31,2166,2560,200,16.533
comp-2007-2-12,3,200,1000,10,20,0.5787,greedy-largest-degree,52,2841,0,44,0,0,4,0,4,1517,670,654,21,1348,2706,200,26.625
comp-2007-2-12,3,200,1000,10,20,0.5787,greedy-dsatur,40,2782,0,32,0,0,6,0,2,1389,811,582,20,1309,2703,200,30.784
comp-2007-2-12,3,200,1000,10,20,0.5787,descent(greedy-dsatur),27,2487,0,20,0,0,3,2,2,1236,806,445,19,1238,2420,1000000,18733.899
comp-2007-2-12,3,200,1000,10,20,0.5787,sa(greedy-dsatur),18,2392,0,14,0,0,2,1,1,1210,636,546,15,926,2348,1000000,19733.618
comp-2007-2-12,4,200,1000,10,20,0.5787,random,1576,4384,0,1513,53,0,0,0,10,3005,404,975,38,2566,2555,200,0.366
comp-2007-2-12,4,200,1000,10,20,0.5787,greedy-input,98,2949,0,86,0,0,5,0,7,1488,805,656,32,2269,2773,200,35.275
comp-2007-2-12,4,200,1000,10,20,0.5787,greedy-random,90,2344,0,83,0,0,4,0,3,1197,491,656,25,1776,2156,200,20.834
comp-2007-2-12,4,200,1000,10,20,0.5787,greedy-largest-degree,46,2449,0,40,0,0,2,0,4,1395,527,527,26,1705,2498,200,21.050
comp-2007-2-12,4,200,1000,10,20,0.5787,greedy-dsatur,36,2399,0,28,0,0,4,0,4,1328,509,562,18,1207,2489,200,28.947
comp-2007-2-12,4,200,1000,10,20,0.5787,descent(greedy-dsatur),21,2344,0,18,0,0,0,0,3,1406,419,519,16,1095,2404,1000000,17896.379
comp-2007-2-12,4,200,1000,10,20,0.5787,sa(greedy-dsatur),11,2158,0,7,0,0,1,1,2,1289,432,437,10,725,2220,1000000,16609.174
comp-2007-2-12,5,200,1000,10,20,0.5787,random,1746,3616,0,1692,44,0,0,0,10,2430,331,855,41,2873,2486,200,0.630
comp-2007-2-12,5,200,1000,10,20,0.5787,greedy-input,98,2949,0,86,0,0,5,0,7,1488,805,656,32,2269,2773,200,10.558
comp-2007-2-12,5,200,1000,10,20,0.5787,greedy-random,105,2819,0,93,0,0,5,0,7,1396,761,662,32,2260,2553,200,17.273
comp-2007-2-12,5,200,1000,10,20,0.5787,greedy-largest-degree,52,2670,0,46,0,0,4,0,2,1486,601,583,26,1738,2565,200,12.894
comp-2007-2-12,5,200,1000,10,20,0.5787,greedy-dsatur,41,2646,0,31,0,0,4,0,6,1321,706,619,18,1213,2504,200,17.108
comp-2007-2-12,5,200,1000,10,20,0.5787,descent(greedy-dsatur),14,2430,0,9,0,0,2,1,2,1338,505,587,12,847,2329,1000000,16488.765
comp-2007-2-12,5,200,1000,10,20,0.5787,sa(greedy-dsatur),7,2227,0,4,0,0,0,2,1,1110,583,534,7,452,2153,1000000,15520.232
comp-2007-2-12,6,200,1000,10,20,0.5787,random,2105,3920,0,2051,48,0,0,0,6,2485,403,1032,38,2486,2737,200,0.350
comp-2007-2-12,6,200,1000,10,20,0.5787,greedy-input,98,2949,0,86,0,0,5,0,7,1488,805,656,32,2269,2773,200,13.631
comp-2007-2-12,6,200,1000,10,20,0.5787,greedy-random,102,2677,0,86,0,0,8,0,8,1499,562,616,34,2429,2735,200,12.392
comp-2007-2-12,6,200,1000,10,20,0.5787,greedy-largest-degree,50,2554,0,40,0,0,4,0,6,1412,595,547,29,1923,2401,200,13.141
comp-2007-2-12,6,200,1000,10,20,0.5787,greedy-dsatur,27,2600,0,18,0,0,4,0,5,1365,586,649,20,1338,2365,200,23.389
comp-2007-2-12,6,200,1000,10,20,0.5787,descent(greedy-dsatur),21,2424,0,15,0,0,1,1,4,1365,500,559,18,1183,2303,1000000,15149.294
comp-2007-2-12,6,200,1000,10,20,0.5787,sa(greedy-dsatur),11,1794,0,8,0,0,0,0,3,1125,278,391,9,612,1874,1000000,14840.162
comp-2007-2-12,7,200,1000,10,20,0.5787,random,1841,3974,0,1786,46,0,0,0,9,2306,725,943,41,2797,2654,200,0.391
comp-2007-2-12,7,200,1000,10,20,0.5787,greedy-input,98,2949,0,86,0,0,5,0,7,1488,805,656,32,2269,2773,200,18.941
comp-2007-2-12,7,200,1000,10,20,0.5787,greedy-random,87,2694,0,78,0,0,3,0,6,1253,773,668,27,1973,2559,200,15.835
comp-2007-2-12,7,200,1000,10,20,0.5787,greedy-largest-degree,47,2476,0,41,0,0,4,0,2,1424,555,497,26,1633,2288,200,10.610
comp-2007-2-12,7,200,1000,10,20,0.5787,greedy-dsatur,41,2628,0,33,0,0,5,0,3,1389,670,569,25,1725,2478,200,12.870
comp-2007-2-12,7,200,1000,10,20,0.5787,descent(greedy-dsatur),27,2510,0,24,0,0,1,1,1,1484,507,519,20,1412,2464,1000000,15150.186
comp-2007-2-12,7,200,1000,10,20,0.5787,sa(greedy-dsatur),17,2469,0,14,0,0,1,0,2,1500,513,456,14,939,2525,1000000,14978.169
comp-2007-2-12,8,200,1000,10,20,0.5787,random,1713,3831,0,1651,51,0,0,0,11,2458,464,909,38,2539,2227,200,0.633
comp-2007-2-12,8,200,1000,10,20,0.5787,greedy-input,98,2949,0,86,0,0,5,0,7,1488,805,656,32,2269,2773,200,15.971
comp-2007-2-12,8,200,1000,10,20,0.5787,greedy-random,110,2804,0,96,0,0,4,0,10,1431,712,661,35,2513,2321,200,14.438
comp-2007-2-12,8,200,1000,10,20,0.5787,greedy-largest-degree,49,2578,0,44,0,0,2,0,3,1409,620,549,26,1656,2664,200,15.502
comp-2007-2-12,8,200,1000,10,20,0.5787,greedy-dsatur,29,2335,0,23,0,0,2,0,4,1393,432,510,20,1319,2466,200,12.684
comp-2007-2-12,8,200,1000,10,20,0.5787,descent(greedy-dsatur),19,2132,0,13,0,0,2,1,3,1336,349,447,16,1120,2225,1000000,14454.910
comp-2007-2-12,8,200,1000,10,20,0.5787,sa(greedy-dsatur),10,2124,0,8,0,0,1,0,1,1284,414,426,9,618,2063,1000000,17600.491
comp-2007-2-12,9,200,1000,10,20,0.5787,random,1738,3614,0,1682,44,0,0,0,12,2073,552,989,39,2701,2279,200,0.348
comp-2007-2-12,9,200,1000,10,20,0.5787,greedy-input,98,2949,0,86,0,0,5,0,7,1488,805,656,32,2269,2773,200,19.307
comp-2007-2-12,9,200,1000,10,20,0.5787,greedy-random,106,2732,0,93,0,0,6,0,7,1534,561,637,34,2340,2410,200,16.757
comp-2007-2-12,9,200,1000,10,20,0.5787,greedy-largest-degree,41,2520,0,35,0,0,1,0,5,1325,587,608,26,1773,2654,200,10.947
comp-2007-2-12,9,200,1000,10,20,0.5787,greedy-dsatur,60,2363,0,51,0,0,3,0,6,1230,475,658,25,1614,2359,200,16.101
comp-2007-2-12,9,200,1000,10,20,0.5787,descent(greedy-dsatur),28,1888,0,26,0,0,1,0,1,986,417,485,23,1581,1856,1000000,15382.334
comp-2007-2-12,9,200,1000,10,20,0.5787,sa(greedy-dsatur),19,2089,0,14,0,0,2,2,1,1067,500,522,18,1219,2101,1000000,15356.760
comp-2007-2-12,10,200,1000,10,20,0.5787,random,1987,3776,0,1923,53,0,0,0,11,2259,529,988,39,2643,2491,200,0.411
comp-2007-2-12,10,200,1000,10,20,0.5787,greedy-input,98,2949,0,86,0,0,5,0,7,1488,805,656,32,2269,2773,200,10.185
comp-2007-2-12,10,200,1000,10,20,0.5787,greedy-random,107,2881,0,97,0,0,4,0,6,1374,773,734,34,2394,2271,200,15.658
comp-2007-2-12,10,200,1000,10,20,0.5787,greedy-largest-degree,51,2841,0,43,0,0,3,0,5,1372,811,658,26,1629,2403,200,14.555
comp-2007-2-12,10,200,1000,10,20,0.5787,greedy-dsatur,42,2403,0,33,0,0,5,0,4,1224,592,587,20,1356,2449,200,14.594
comp-2007-2-12,10,200,1000,10,20,0.5787,descent(greedy-dsatur),28,2186,0,24,0,0,2,1,1,1274,417,495,18,1154,2158,1000000,15002.131
comp-2007-2-12,10,200,1000,10,20,0.5787,sa(greedy-dsatur),12,2094,0,9,0,0,2,0,1,1223,432,439,8,549,2182,1000000,16673.453
comp-2007-2-13,1,400,300,20,116,0.3202,random,1390,1626,0,1219,103,0,0,0,68,1077,453,96,92,1392,1009,400,0.295
comp-2007-2-13,1,400,300,20,116,0.3202,greedy-input,178,1463,0,129,0,0,9,0,40,585,853,25,67,1054,1215,400,13.604
comp-2007-2-13,1,400,300,20,116,0.3202,greedy-random,152,1535,0,117,0,0,9,0,26,683,827,25,66,1052,1215,400,12.056
comp-2007-2-13,1,400,300,20,116,0.3202,greedy-largest-degree,104,1528,0,63,0,0,10,0,31,689,826,13,57,825,1283,400,8.463
comp-2007-2-13,1,400,300,20,116,0.3202,greedy-dsatur,86,1539,0,49,0,0,9,0,28,617,891,31,55,851,1218,400,13.786
comp-2007-2-13,1,400,300,20,116,0.3202,descent(greedy-dsatur),62,1362,0,40,0,0,1,1,20,608,734,20,44,696,1192,1000000,5336.562
comp-2007-2-13,1,400,300,20,116,0.3202,sa(greedy-dsatur),57,1377,0,33,0,0,1,1,22,612,747,18,41,642,1202,1000000,5698.059
comp-2007-2-13,2,400,300,20,116,0.3202,random,1458,1857,0,1319,85,0,0,0,54,1351,436,70,78,1248,989,400,0.282
comp-2007-2-13,2,400,300,20,116,0.3202,greedy-input,178,1463,0,129,0,0,9,0,40,585,853,25,67,1054,1215,400,13.367
comp-2007-2-13,2,400,300,20,116,0.3202,greedy-random,172,1534,0,129,0,0,7,0,36,719,789,26,68,1112,1096,400,10.271
comp-2007-2-13,2,400,300,20,116,0.3202,greedy-largest-degree,94,1474,0,62,0,0,10,0,22,686,776,12,53,781,1273,400,15.880
comp-2007-2-13,2,400,300,20,116,0.3202,greedy-dsatur,82,1534,0,48,0,0,10,0,24,602,894,38,49,757,1217,400,13.344
comp-2007-2-13,2,400,300,20,116,0.3202,descent(greedy-dsatur),31,1499,0,16,0,0,0,0,15,679,799,21,23,367,1397,1000000,6201.942
comp-2007-2-13,2,400,300,20,116,0.3202,sa(greedy-dsatur),21,1360,0,13,0,0,1,0,7,606,745,9,15,242,1273,1000000,6088.418
comp-2007-2-13,3,400,300,20,116,0.3202,random,1389,1713,0,1231,101,0,0,0,57,1119,499,95,79,1205,1068,400,0.487
comp-2007-2-13,3,400,300,20,116,0.3202,greedy-input,178,1463,0,129,0,0,9,0,40,585,853,25,67,1054,1215,400,12.319
comp-2007-2-13,3,400,300,20,116,0.3202,greedy-random,160,1619,0,118,0,0,9,0,33,727,869,23,66,1094,1096,400,12.611
comp-2007-2-13,3,400,300,20,116,0.3202,greedy-largest-degree,102,1544,0,68,0,0,9,0,25,667,860,17,57,793,1247,400,15.088
comp-2007-2-13,3,400,300,20,116,0.3202,greedy-dsatur,69,1611,0,36,0,0,13,0,20,659,910,42,43,642,1307,400,9.447
comp-2007-2-13,3,400,300,20,116,0.3202,descent(greedy-dsatur),30,1410,0,16,0,0,1,2,11,623,765,22,26,377,1275,1000000,5817.351
comp-2007-2-13,3,400,300,20,116,0.3202,sa(greedy-dsatur),15,1299,0,7,0,0,1,1,6,576,706,17,14,220,1243,1000000,5604.288
comp-2007-2-13,4,400,300,20,116,0.3202,random,1430,1857,0,1280,94,0,0,0,56,1251,502,104,86,1373,939,400,0.260
comp-2007-2-13,4,400,300,20,116,0.3202,greedy-input,178,1463,0,129,0,0,9,0,40,585,853,25,67,1054,1215,400,13.096
comp-2007-2-13,4,400,300,20,116,0.3202,greedy-random,142,1613,0,109,0,0,4,0,29,713,874,26,61,985,1212,400,13.697
comp-2007-2-13,4,400,300,20,116,0.3202,greedy-largest-degree,103,1571,0,65,0,0,8,0,30,739,816,16,64,937,1206,400,12.993
comp-2007-2-13,4,400,300,20,116,0.3202,greedy-dsatur,86,1539,0,49,0,0,9,0,28,617,891,31,55,851,1218,400,12.589
comp-2007-2-13,4,400,300,20,116,0.3202,descent(greedy-dsatur),57,1435,0,37,0,0,1,0,19,647,766,22,40,621,1208,1000000,6152.293
comp-2007-2-13,4,400,300,20,116,0.3202,sa(greedy-dsatur),42,1450,0,23,0,0,2,1,16,645,791,14,38,612,1278,1000000,6298.350
comp-2007-2-13,5,400,300,20,116,0.3202,random,1393,1729,0,1233,97,0,0,0,63,1197,436,96,73,1167,1098,400,0.523
comp-2007-2-13,5,400,300,20,116,0.3202,greedy-input,178,1463,0,129,0,0,9,0,40,585,853,25,67,1054,1215,400,15.727
comp-2007-2-13,5,400,300,20,116,0.3202,greedy-random,182,1636,0,145,0,0,8,0,29,730,875,31,70,1135,1172,400,9.477
comp-2007-2-13,5,400,300,20,116,0.3202,greedy-largest-degree,105,1513,0,63,0,0,10,0,32,654,848,11,58,841,1272,400,19.161
comp-2007-2-13,5,400,300,20,116,0.3202,greedy-dsatur,82,1534,0,48,0,0,10,0,24,602,894,38,49,757,1217,400,19.268
comp-2007-2-13,5,400,300,20,116,0.3202,descent(greedy-dsatur),35,1372,0,17,0,0,0,2,16,616,743,13,27,443,1231,1000000,6357.763
comp-2007-2-13,5,400,300,20,116,0.3202,sa(greedy-dsatur),16,1311,0,8,0,0,0,1,7,673,630,8,16,262,1228,1000000,6740.213
comp-2007-2-13,6,400,300,20,116,0.3202,random,1598,2004,0,1445,95,0,0,0,58,1461,423,120,85,1313,963,400,0.449
comp-2007-2-13,6,400,300,20,116,0.3202,greedy-input,178,1463,0,129,0,0,9,0,40,585,853,25,67,1054,1215,400,16.025
comp-2007-2-13,6,400,300,20,116,0.3202,greedy-random,158,1559,0,117,0,0,4,0,37,682,852,25,63,1029,1191,400,11.281
comp-2007-2-13,6,400,300,20,116,0.3202,greedy-largest-degree,108,1552,0,68,0,0,13,0,27,680,853,19,57,825,1230,400,24.891
comp-2007-2-13,6,400,300,20,116,0.3202,greedy-dsatur,82,1534,0,48,0,0,10,0,24,602,894,38,49,757,1217,400,27.189
comp-2007-2-13,6,400,300,20,116,0.3202,descent(greedy-dsatur),33,1423,0,17,0,0,0,1,15,627,774,22,28,455,1298,1000000,6177.965
comp-2007-2-13,6,400,300,20,116,0.3202,sa(greedy-dsatur),24,1382,0,11,0,0,0,1,12,610,760,12,21,339,1254,1000000,6009.859
comp-2007-2-13,7,400,300,20,116,0.3202,random,1451,1824,0,1295,95,0,0,0,61,1373,348,103,86,1335,1005,400,0.261
comp-2007-2-13,7,400,300,20,116,0.3202,greedy-input,178,1463,0,129,0,0,9,0,40,585,853,25,67,1054,1215,400,16.676
comp-2007-2-13,7,400,300,20,116,0.3202,greedy-random,152,1546,0,122,0,0,4,0,26,695,822,29,61,974,1178,400,24.123
comp-2007-2-13,7,400,300,20,116,0.3202,greedy-largest-degree,94,1545,0,60,0,0,9,0,25,693,832,20,55,804,1273,400,20.127
comp-2007-2-13,7,400,300,20,116,0.3202,greedy-dsatur,82,1534,0,48,0,0,10,0,24,602,894,38,49,757,1217,400,27.361
comp-2007-2-13,7,400,300,20,116,0.3202,descent(greedy-dsatur),27,1364,0,16,0,0,0,0,11,607,744,13,24,350,1272,1000000,6743.267
comp-2007-2-13,7,400,300,20,116,0.3202,sa(greedy-dsatur),21,1399,0,6,0,0,0,1,14,638,741,20,18,295,1267,1000000,7503.087
comp-2007-2-13,8,400,300,20,116,0.3202,random,1517,1660,0,1363,97,0,0,0,57,1026,510,124,78,1186,1035,400,13.990
comp-2007-2-13,8,400,300,20,116,0.3202,greedy-input,178,1463,0,129,0,0,9,0,40,585,853,25,67,1054,1215,400,15.739
comp-2007-2-13,8,400,300,20,116,0.3202,greedy-random,165,1556,0,128,0,0,9,0,28,703,823,30,66,1055,1158,400,22.018
comp-2007-2-13,8,400,300,20,116,0.3202,greedy-largest-degree,94,1668,0,54,0,0,10,0,30,764,887,17,54,768,1343,400,14.719
comp-2007-2-13,8,400,300,20,116,0.3202,greedy-dsatur,82,1598,0,49,0,0,9,0,24,623,946,29,50,753,1245,400,30.021
comp-2007-2-13,8,400,300,20,116,0.3202,descent(greedy-dsatur),40,1459,0,26,0,0,2,1,11,691,754,14,32,516,1276,1000000,6989.622
comp-2007-2-13,8,400,300,20,116,0.3202,sa(greedy-dsatur),32,1371,0,21,0,0,1,0,10,652,711,8,25,398,1243,1000000,6145.952
comp-2007-2-13,9,400,300,20,116,0.3202,random,1533,1970,0,1373,98,0,0,0,62,1365,501,104,80,1242,1082,400,0.263
comp-2007-2-13,9,400,300,20,116,0.3202,greedy-input,178,1463,0,129,0,0,9,0,40,585,853,25,67,1054,1215,400,28.684
comp-2007-2-13,9,400,300,20,116,0.3202,greedy-random,141,1487,0,100,0,0,6,0,35,655,813,19,73,1144,1152,400,22.439
comp-2007-2-13,9,400,300,20,116,0.3202,greedy-largest-degree,108,1515,0,72,0,0,14,0,22,728,762,25,59,840,1230,400,76.885
comp-2007-2-13,9,400,300,20,116,0.3202,greedy-dsatur,86,1539,0,49,0,0,9,0,28,617,891,31,55,851,1218,400,25.045
comp-2007-2-13,9,400,300,20,116,0.3202,descent(greedy-dsatur),59,1402,0,36,0,0,3,0,20,621,762,19,45,718,1198,1000000,7015.709
comp-2007-2-13,9,400,300,20,116,0.3202,sa(greedy-dsatur),36,1468,0,21,0,0,1,1,13,696,754,18,29,470,1304,1000000,5816.635
comp-2007-2-13,10,400,300,20,116,0.3202,random,1423,1915,0,1268,105,0,0,0,50,1277,527,111,89,1391,1013,400,0.295
comp-2007-2-13,10,400,300,20,116,0.3202,greedy-input,178,1463,0,129,0,0,9,0,40,585,853,25,67,1054,1215,400,10.615
comp-2007-2-13,10,400,300,20,116,0.3202,greedy-random,159,1500,0,113,0,0,10,0,36,671,811,18,70,1086,1076,400,13.406
comp-2007-2-13,10,400,300,20,116,0.3202,greedy-largest-degree,91,1575,0,50,0,0,8,0,33,653,902,20,49,702,1286,400,9.513
comp-2007-2-13,10,400,300,20,116,0.3202,greedy-dsatur,69,1561,0,37,0,0,8,0,24,654,880,27,41,601,1310,400,13.067
comp-2007-2-13,10,400,300,20,116,0.3202,descent(greedy-dsatur),37,1471,0,20,0,0,2,1,14,677,782,12,28,424,1332,1000000,6047.497
comp-2007-2-13,10,400,300,20,116,0.3202,sa(greedy-dsatur),22,1394,0,12,0,0,0,0,10,621,754,19,19,312,1271,1000000,5733.629
comp-2007-2-14,1,400,300,20,118,0.3189,random,1379,1759,0,1227,90,0,0,0,62,1273,408,78,78,1160,1073,400,0.476
comp-2007-2-14,1,400,300,20,118,0.3189,greedy-input,150,1493,0,115,0,0,7,0,28,657,810,26,68,1078,1086,400,11.493
comp-2007-2-14,1,400,300,20,118,0.3189,greedy-random,146,1564,0,102,0,0,8,0,36,719,810,35,70,1090,1147,400,15.039
comp-2007-2-14,1,400,300,20,118,0.3189,greedy-largest-degree,116,1511,0,69,0,0,7,0,40,683,792,36,67,989,1171,400,13.498
comp-2007-2-14,1,400,300,20,118,0.3189,greedy-dsatur,80,1601,0,44,0,0,9,0,27,678,875,48,44,608,1355,400,16.218
comp-2007-2-14,1,400,300,20,118,0.3189,descent(greedy-dsatur),56,1513,0,31,0,0,0,0,25,650,834,29,43,604,1300,1000000,6009.663
comp-2007-2-14,1,400,300,20,118,0.3189,sa(greedy-dsatur),37,1477,0,22,0,0,0,0,15,628,825,24,29,424,1321,1000000,5858.688
comp-2007-2-14,2,400,300,20,118,0.3189,random,1411,1775,0,1260,97,0,0,0,54,1241,443,91,77,1186,1001,400,0.851
comp-2007-2-14,2,400,300,20,118,0.3189,greedy-input,150,1493,0,115,0,0,7,0,28,657,810,26,68,1078,1086,400,11.180
comp-2007-2-14,2,400,300,20,118,0.3189,greedy-random,178,1556,0,133,0,0,9,0,36,692,832,32,69,1059,1181,400,11.231
comp-2007-2-14,2,400,300,20,118,0.3189,greedy-largest-degree,122,1498,0,74,0,0,7,0,41,686,789,23,62,899,1203,400,11.798
comp-2007-2-14,2,400,300,20,118,0.3189,greedy-dsatur,77,1575,0,40,0,0,8,0,29,678,844,53,43,619,1318,400,15.311
comp-2007-2-14,2,400,300,20,118,0.3189,descent(greedy-dsatur),56,1530,0,35,0,0,1,0,20,686,817,27,41,599,1325,1000000,5876.029
comp-2007-2-14,2,400,300,20,118,0.3189,sa(greedy-dsatur),48,1488,0,28,0,0,1,1,18,661,794,33,38,559,1272,1000000,5764.453
comp-2007-2-14,3,400,300,20,118,0.3189,random,1312,1803,0,1166,98,0,0,0,48,1277,448,78,79,1188,1097,400,0.533
comp-2007-2-14,3,400,300,20,118,0.3189,greedy-input,150,1493,0,115,0,0,7,0,28,657,810,26,68,1078,1086,400,10.145
comp-2007-2-14,3,400,300,20,118,0.3189,greedy-random,152,1496,0,119,0,0,10,0,23,639,819,38,69,1044,1151,400,13.489
comp-2007-2-14,3,400,300,20,118,0.3189,greedy-largest-degree,124,1462,0,85,0,0,7,0,32,667,776,19,63,988,1161,400,13.791
comp-2007-2-14,3,400,300,20,118,0.3189,greedy-dsatur,71,1537,0,44,0,0,6,0,21,681,835,21,48,648,1285,400,12.010
comp-2007-2-14,3,400,300,20,118,0.3189,descent(greedy-dsatur),38,1423,0,19,0,0,0,4,15,696,710,17,33,477,1295,1000000,6578.369
comp-2007-2-14,3,400,300,20,118,0.3189,sa(greedy-dsatur),30,1449,0,17,0,0,1,0,12,656,763,30,24,351,1302,1000000,6728.562
comp-2007-2-14,4,400,300,20,118,0.3189,random,1482,1867,0,1324,95,0,0,0,63,1322,437,108,81,1213,1090,400,0.391
comp-2007-2-14,4,400,300,20,118,0.3189,greedy-input,150,1493,0,115,0,0,7,0,28,657,810,26,68,1078,1086,400,22.080
comp-2007-2-14,4,400,300,20,118,0.3189,greedy-random,142,1559,0,110,0,0,4,0,28,745,784,30,62,983,1203,400,21.411
comp-2007-2-14,4,400,300,20,118,0.3189,greedy-largest-degree,113,1553,0,67,0,0,10,0,36,740,785,28,56,833,1240,400,19.429
comp-2007-2-14,4,400,300,20,118,0.3189,greedy-dsatur,103,1541,0,67,0,0,6,0,30,690,813,38,56,784,1229,400,19.405
comp-2007-2-14,4,400,300,20,118,0.3189,descent(greedy-dsatur),66,1463,0,40,0,0,1,3,22,689,748,26,46,657,1219,1000000,6656.369
comp-2007-2-14,4,400,300,20,118,0.3189,sa(greedy-dsatur),47,1552,0,22,0,0,1,2,22,660,862,30,37,569,1305,1000000,6386.277
comp-2007-2-14,5,400,300,20,118,0.3189,random,1464,1590,0,1309,94,0,0,0,61,1051,421,118,84,1234,1038,400,0.416
comp-2007-2-14,5,400,300,20,118,0.3189,greedy-input,150,1493,0,115,0,0,7,0,28,657,810,26,68,1078,1086,400,12.109
comp-2007-2-14,5,400,300,20,118,0.3189,greedy-random,176,1503,0,132,0,0,15,0,29,741,741,21,75,1180,1012,400,14.779
comp-2007-2-14,5,400,300,20,118,0.3189,greedy-largest-degree,118,1515,0,76,0,0,4,0,38,677,803,35,58,844,1218,400,10.058
comp-2007-2-14,5,400,300,20,118,0.3189,greedy-dsatur,80,1601,0,44,0,0,9,0,27,678,875,48,44,608,1355,400,13.265
comp-2007-2-14,5,400,300,20,118,0.3189,descent(greedy-dsatur),49,1560,0,28,0,0,0,0,21,707,822,31,44,599,1360,1000000,6578.269
comp-2007-2-14,5,400,300,20,118,0.3189,sa(greedy-dsatur),39,1484,0,25,0,0,0,1,13,640,819,25,31,450,1327,1000000,7500.344
comp-2007-2-14,6,400,300,20,118,0.3189,random,1364,1765,0,1204,108,0,0,0,52,1230,436,99,76,1166,1064,400,0.409
comp-2007-2-14,6,400,300,20,118,0.3189,greedy-input,150,1493,0,115,0,0,7,0,28,657,810,26,68,1078,1086,400,57.954
comp-2007-2-14,6,400,300,20,118,0.3189,greedy-random,172,1476,0,126,0,0,8,0,38,744,708,24,72,1196,1083,400,14.768
comp-2007-2-14,6,400,300,20,118,0.3189,greedy-largest-degree,115,1528,0,73,0,0,5,0,37,705,808,15,63,899,1269,400,14.507
comp-2007-2-14,6,400,300,20,118,0.3189,greedy-dsatur,71,1537,0,44,0,0,6,0,21,681,835,21,48,648,1285,400,14.717
comp-2007-2-14,6,400,300,20,118,0.3189,descent(greedy-dsatur),34,1409,0,20,0,0,0,0,14,655,735,19,30,434,1263,1000000,7356.561
comp-2007-2-14,6,400,300,20,118,0.3189,sa(greedy-dsatur),39,1436,0,23,0,0,0,0,16,659,752,25,29,417,1305,1000000,6651.616
comp-2007-2-14,7,400,300,20,118,0.3189,random,1481,1711,0,1339,80,0,0,0,62,1175,409,127,78,1145,1069,400,0.472
comp-2007-2-14,7,400,300,20,118,0.3189,greedy-input,150,1493,0,115,0,0,7,0,28,657,810,26,68,1078,1086,400,20.772
comp-2007-2-14,7,400,300,20,118,0.3189,greedy-random,158,1569,0,121,0,0,1,0,36,725,807,37,71,1137,1084,400,18.959
comp-2007-2-14,7,400,300,20,118,0.3189,greedy-largest-degree,109,1511,0,67,0,0,6,0,36,732,763,16,66,972,1245,400,17.248
comp-2007-2-14,7,400,300,20,118,0.3189,greedy-dsatur,81,1557,0,47,0,0,8,0,26,718,804,35,50,697,1285,400,14.682
comp-2007-2-14,7,400,300,20,118,0.3189,descent(greedy-dsatur),60,1493,0,38,0,0,1,1,20,711,752,30,45,597,1294,1000000,6591.246
comp-2007-2-14,7,400,300,20,118,0.3189,sa(greedy-dsatur),36,1459,0,23,0,0,1,0,12,697,739,23,33,475,1350,1000000,6520.424
comp-2007-2-14,8,400,300,20,118,0.3189,random,1340,1810,0,1188,91,0,0,0,61,1279,420,111,81,1233,1008,400,0.282
comp-2007-2-14,8,400,300,20,118,0.3189,greedy-input,150,1493,0,115,0,0,7,0,28,657,810,26,68,1078,1086,400,12.046
comp-2007-2-14,8,400,300,20,118,0.3189,greedy-random,143,1466,0,102,0,0,7,0,34,650,770,46,67,1041,1142,400,12.742
comp-2007-2-14,8,400,300,20,118,0.3189,greedy-largest-degree,102,1597,0,57,0,1,7,0,37,782,788,27,53,804,1351,400,13.855
comp-2007-2-14,8,400,300,20,118,0.3189,greedy-dsatur,76,1585,0,49,0,0,5,0,22,681,865,39,47,673,1387,400,12.056
comp-2007-2-14,8,400,300,20,118,0.3189,descent(greedy-dsatur),50,1523,0,36,0,0,2,0,12,717,779,27,38,572,1377,1000000,6015.249
comp-2007-2-14,8,400,300,20,118,0.3189,sa(greedy-dsatur),53,1492,0,38,0,0,1,0,14,657,811,24,44,665,1324,1000000,5906.620
comp-2007-2-14,9,400,300,20,118,0.3189,random,1460,1851,0,1300,99,0,0,0,61,1304,431,116,78,1140,1054,400,0.550
comp-2007-2-14,9,400,300,20,118,0.3189,greedy-input,150,1493,0,115,0,0,7,0,28,657,810,26,68,1078,1086,400,12.447
comp-2007-2-14,9,400,300,20,118,0.3189,greedy-random,163,1545,0,124,0,0,8,0,31,690,822,33,68,1123,1161,400,13.691
comp-2007-2-14,9,400,300,20,118,0.3189,greedy-largest-degree,111,1546,0,72,0,0,4,0,35,704,806,36,59,899,1268,400,12.413
comp-2007-2-14,9,400,300,20,118,0.3189,greedy-dsatur,71,1537,0,44,0,0,6,0,21,681,835,21,48,648,1285,400,13.600
comp-2007-2-14,9,400,300,20,118,0.3189,descent(greedy-dsatur),38,1440,0,26,0,0,1,0,11,676,742,22,31,451,1295,1000000,5753.929
comp-2007-2-14,9,400,300,20,118,0.3189,sa(greedy-dsatur),40,1441,0,24,0,0,2,0,14,667,749,25,32,465,1332,1000000,6163.562
comp-2007-2-14,10,400,300,20,118,0.3189,random,1240,1612,0,1077,93,0,0,0,70,1038,487,87,81,1184,1039,400,0.279
comp-2007-2-14,10,400,300,20,118,0.3189,greedy-input,150,1493,0,115,0,0,7,0,28,657,810,26,68,1078,1086,400,9.075
comp-2007-2-14,10,400,300,20,118,0.3189,greedy-random,161,1483,0,116,0,0,10,0,35,701,761,21,69,1120,1089,400,14.726
comp-2007-2-14,10,400,300,20,118,0.3189,greedy-largest-degree,119,1524,0,78,0,0,6,0,35,730,765,29,59,873,1253,400,11.798
comp-2007-2-14,10,400,300,20,118,0.3189,greedy-dsatur,72,1537,0,44,0,0,6,0,22,681,835,21,48,654,1286,400,21.072
comp-2007-2-14,10,400,300,20,118,0.3189,descent(greedy-dsatur),40,1478,0,24,0,0,0,1,15,693,760,25,31,458,1360,1000000,5858.373
comp-2007-2-14,10,400,300,20,118,0.3189,sa(greedy-dsatur),31,1460,0,19,0,0,0,1,11,680,759,21,25,390,1321,1000000,5945.785
comp-2007-2-15,1,200,500,10,21,0.5157,random,1218,2936,0,1156,54,0,0,0,8,2201,139,596,40,1346,1358,200,0.473
comp-2007-2-15,1,200,500,10,21,0.5157,greedy-input,58,1553,0,46,0,0,7,0,5,713,426,414,31,1009,1432,200,4.361
comp-2007-2-15,1,200,500,10,21,0.5157,greedy-random,56,1424,0,44,0,0,5,0,7,731,273,420,31,996,1292,200,5.560
comp-2007-2-15,1,200,500,10,21,0.5157,greedy-largest-degree,48,1390,0,32,0,0,10,0,6,780,239,371,27,916,1380,200,4.367
comp-2007-2-15,1,200,500,10,21,0.5157,greedy-dsatur,31,1426,0,25,0,0,4,0,2,721,352,353,17,519,1479,200,7.020
comp-2007-2-15,1,200,500,10,21,0.5157,descent(greedy-dsatur),12,1167,0,9,0,0,1,0,2,633,254,280,9,330,1224,1000000,10123.815
comp-2007-2-15,1,200,500,10,21,0.5157,sa(greedy-dsatur),5,1070,0,2,0,0,2,0,1,521,258,291,5,170,1091,1000000,11226.949
comp-2007-2-15,2,200,500,10,21,0.5157,random,1022,2666,0,962,52,0,0,0,8,1743,262,661,35,1105,1475,200,0.323
comp-2007-2-15,2,200,500,10,21,0.5157,greedy-input,58,1553,0,46,0,0,7,0,5,713,426,414,31,1009,1432,200,12.829
comp-2007-2-15,2,200,500,10,21,0.5157,greedy-random,54,1595,0,47,0,0,3,0,4,750,465,380,29,943,1549,200,9.589
comp-2007-2-15,2,200,500,10,21,0.5157,greedy-largest-degree,26,1508,0,18,0,0,3,0,5,727,358,423,19,595,1450,200,8.289
comp-2007-2-15,2,200,500,10,21,0.5157,greedy-dsatur,34,1420,0,23,0,0,5,0,6,841,247,332,21,579,1361,200,9.222
comp-2007-2-15,2,200,500,10,21,0.5157,descent(greedy-dsatur),19,1309,0,11,0,0,2,1,5,760,241,308,17,517,1341,1000000,9960.133
comp-2007-2-15,2,200,500,10,21,0.5157,sa(greedy-dsatur),8,1088,0,6,0,0,1,0,1,574,203,311,8,240,1089,1000000,10034.016
comp-2007-2-15,3,200,500,10,21,0.5157,random,1153,2683,0,1088,50,0,0,0,15,1992,108,583,36,1226,1243,200,0.369
comp-2007-2-15,3,200,500,10,21,0.5157,greedy-input,58,1553,0,46,0,0,7,0,5,713,426,414,31,1009,1432,200,6.760
comp-2007-2-15,3,200,500,10,21,0.5157,greedy-random,45,1452,0,31,0,1,7,0,6,803,266,383,22,792,1442,200,5.319
comp-2007-2-15,3,200,500,10,21,0.5157,greedy-largest-degree,39,1567,0,30,0,0,5,0,4,873,319,375,25,735,1569,200,8.047
comp-2007-2-15,3,200,500,10,21,0.5157,greedy-dsatur,31,1426,0,25,0,0,4,0,2,721,352,353,17,519,1479,200,5.543
comp-2007-2-15,3,200,500,10,21,0.5157,descent(greedy-dsatur),13,1188,0,11,0,0,1,0,1,630,243,315,12,381,1226,1000000,8834.656
comp-2007-2-15,3,200,500,10,21,0.5157,sa(greedy-dsatur),2,1155,0,1,0,0,1,0,0,549,268,338,2,67,1151,1000000,8498.686
comp-2007-2-15,4,200,500,10,21,0.5157,random,964,2499,0,898,52,0,0,0,14,1772,164,563,34,1135,1385,200,0.314
comp-2007-2-15,4,200,500,10,21,0.5157,greedy-input,58,1553,0,46,0,0,7,0,5,713,426,414,31,1009,1432,200,6.629
comp-2007-2-15,4,200,500,10,21,0.5157,greedy-random,60,1387,0,50,0,0,5,0,5,805,243,339,32,1110,1276,200,8.107
comp-2007-2-15,4,200,500,10,21,0.5157,greedy-largest-degree,34,1500,0,26,0,0,4,0,4,795,336,369,26,845,1477,200,8.305
comp-2007-2-15,4,200,500,10,21,0.5157,greedy-dsatur,31,1426,0,25,0,0,4,0,2,721,352,353,17,519,1479,200,7.901
comp-2007-2-15,4,200,500,10,21,0.5157,descent(greedy-dsatur),10,1213,0,4,0,0,5,0,1,670,233,310,10,351,1245,1000000,9464.897
comp-2007-2-15,4,200,500,10,21,0.5157,sa(greedy-dsatur),4,1133,0,1,0,0,2,0,1,641,228,264,4,148,1153,1000000,8761.091
comp-2007-2-15,5,200,500,10,21,0.5157,random,916,2412,0,854,53,0,0,0,9,1787,124,501,35,1144,1396,200,0.215
comp-2007-2-15,5,200,500,10,21,0.5157,greedy-input,58,1553,0,46,0,0,7,0,5,713,426,414,31,1009,1432,200,5.505
comp-2007-2-15,5,200,500,10,21,0.5157,greedy-random,61,1355,0,47,0,0,6,0,8,689,316,350,31,1032,1449,200,8.993
comp-2007-2-15,5,200,500,10,21,0.5157,greedy-largest-degree,34,1404,0,26,0,0,2,0,6,819,273,312,23,731,1394,200,7.943
comp-2007-2-15,5,200,500,10,21,0.5157,greedy-dsatur,31,1426,0,25,0,0,4,0,2,721,352,353,17,519,1479,200,8.880
comp-2007-2-15,5,200,500,10,21,0.5157,descent(greedy-dsatur),13,1232,0,10,0,0,2,0,1,667,275,290,10,321,1292,1000000,8141.167
comp-2007-2-15,5,200,500,10,21,0.5157,sa(greedy-dsatur),6,1113,0,2,0,1,2,0,1,645,181,287,6,206,1149,1000000,8314.693
comp-2007-2-15,6,200,500,10,21,0.5157,random,1148,2618,0,1090,50,0,0,0,8,1768,239,611,31,1020,1267,200,0.201
comp-2007-2-15,6,200,500,10,21,0.5157,greedy-input,58,1553,0,46,0,0,7,0,5,713,426,414,31,1009,1432,200,6.425
comp-2007-2-15,6,200,500,10,21,0.5157,greedy-random,54,1541,0,46,0,0,3,0,5,781,363,397,29,992,1347,200,4.361
comp-2007-2-15,6,200,500,10,21,0.5157,greedy-largest-degree,33,1476,0,26,0,0,4,0,3,745,358,373,19,659,1504,200,7.046
comp-2007-2-15,6,200,500,10,21,0.5157,greedy-dsatur,36,1486,0,29,0,0,3,0,4,795,354,337,21,687,1463,200,5.277
comp-2007-2-15,6,200,500,10,21,0.5157,descent(greedy-dsatur),21,1290,0,12,0,0,5,2,2,718,263,309,17,572,1282,1000000,8062.837
comp-2007-2-15,6,200,500,10,21,0.5157,sa(greedy-dsatur),3,1091,0,2,0,0,0,0,1,586,228,277,3,107,1100,1000000,7974.147
comp-2007-2-15,7,200,500,10,21,0.5157,random,1094,2536,0,1032,51,0,0,0,11,1799,203,534,39,1284,1351,200,0.212
comp-2007-2-15,7,200,500,10,21,0.5157,greedy-input,58,1553,0,46,0,0,7,0,5,713,426,414,31,1009,1432,200,4.513
comp-2007-2-15,7,200,500,10,21,0.5157,greedy-random,61,1420,0,52,0,0,5,0,4,770,259,391,30,1029,1375,200,6.329
comp-2007-2-15,7,200,500,10,21,0.5157,greedy-largest-degree,36,1667,0,29,0,0,3,0,4,892,387,388,23,666,1602,200,5.441
comp-2007-2-15,7,200,500,10,21,0.5157,greedy-dsatur,34,1420,0,23,0,0,5,0,6,841,247,332,21,579,1361,200,7.825
comp-2007-2-15,7,200,500,10,21,0.5157,descent(greedy-dsatur),20,1289,0,11,0,0,2,2,5,749,217,323,14,441,1322,1000000,8125.546
comp-2007-2-15,7,200,500,10,21,0.5157,sa(greedy-dsatur),14,1183,0,11,0,0,0,1,2,683,208,292,13,396,1181,1000000,8188.855
comp-2007-2-15,8,200,500,10,21,0.5157,random,1092,2444,0,1032,48,0,0,0,12,1728,155,561,43,1431,1266,200,0.227
comp-2007-2-15,8,200,500,10,21,0.5157,greedy-input,58,1553,0,46,0,0,7,0,5,713,426,414,31,1009,1432,200,7.699
comp-2007-2-15,8,200,500,10,21,0.5157,greedy-random,62,1439,0,53,0,0,5,0,4,718,345,376,27,957,1461,200,4.480
comp-2007-2-15,8,200,500,10,21,0.5157,greedy-largest-degree,36,1532,0,24,0,0,4,0,8,800,367,365,23,698,1562,200,4.123
comp-2007-2-15,8,200,500,10,21,0.5157,greedy-dsatur,31,1426,0,25,0,0,4,0,2,721,352,353,17,519,1479,200,5.036
comp-2007-2-15,8,200,500,10,21,0.5157,descent(greedy-dsatur),11,1243,0,7,0,0,2,0,2,743,215,285,11,365,1219,1000000,7998.640
comp-2007-2-15,8,200,500,10,21,0.5157,sa(greedy-dsatur),10,1155,0,6,0,0,3,0,1,613,253,289,10,367,1227,1000000,7886.012
comp-2007-2-15,9,200,500,10,21,0.5157,random,1040,2461,0,981,48,0,0,0,11,1773,106,582,37,1218,1291,200,0.361
comp-2007-2-15,9,200,500,10,21,0.5157,greedy-input,58,1553,0,46,0,0,7,0,5,713,426,414,31,1009,1432,200,4.098
comp-2007-2-15,9,200,500,10,21,0.5157,greedy-random,66,1448,0,52,0,0,8,0,6,682,353,413,35,1207,1380,200,4.342
comp-2007-2-15,9,200,500,10,21,0.5157,greedy-largest-degree,33,1679,0,25,0,0,5,0,3,926,364,389,22,682,1575,200,6.521
comp-2007-2-15,9,200,500,10,21,0.5157,greedy-dsatur,38,1425,0,28,0,0,6,0,4,770,342,313,24,771,1363,200,7.853
comp-2007-2-15,9,200,500,10,21,0.5157,descent(greedy-dsatur),19,1317,0,14,0,0,3,0,2,694,313,310,15,511,1343,1000000,7875.204
comp-2007-2-15,9,200,500,10,21,0.5157,sa(greedy-dsatur),3,1054,0,2,0,0,1,0,0,498,262,294,3,106,1070,1000000,7941.381
comp-2007-2-15,10,200,500,10,21,0.5157,random,1333,2858,0,1266,55,0,0,0,12,2107,135,616,34,1090,1322,200,0.183
comp-2007-2-15,10,200,500,10,21,0.5157,greedy-input,58,1553,0,46,0,0,7,0,5,713,426,414,31,1009,1432,200,5.933
comp-2007-2-15,10,200,500,10,21,0.5157,greedy-random,56,1620,0,47,0,0,4,0,5,899,335,386,26,870,1495,200,5.869
comp-2007-2-15,10,200,500,10,21,0.5157,greedy-largest-degree,36,1347,0,28,0,0,4,0,4,672,325,350,27,838,1327,200,7.588
comp-2007-2-15,10,200,500,10,21,0.5157,greedy-dsatur,34,1420,0,23,0,0,5,0,6,841,247,332,21,579,1361,200,7.565
comp-2007-2-15,10,200,500,10,21,0.5157,descent(greedy-dsatur),20,1269,0,9,0,0,3,2,6,724,217,328,17,518,1305,1000000,7746.322
comp-2007-2-15,10,200,500,10,21,0.5157,sa(greedy-dsatur),6,1239,0,2,0,0,0,3,1,693,261,285,5,153,1257,1000000,7734.452
comp-2007-2-16,1,200,500,10,19,0.4207,random,1332,2593,0,1266,54,0,0,0,12,1961,114,518,33,1070,1305,200,0.458
comp-2007-2-16,1,200,500,10,19,0.4207,greedy-input,55,1486,0,36,0,0,10,0,9,781,339,366,24,849,1390,200,8.482
comp-2007-2-16,1,200,500,10,19,0.4207,greedy-random,42,1390,0,34,0,0,3,0,5,692,334,364,22,766,1316,200,8.814
comp-2007-2-16,1,200,500,10,19,0.4207,greedy-largest-degree,19,1651,0,13,0,0,2,0,4,914,375,362,14,467,1560,200,10.071
comp-2007-2-16,1,200,500,10,19,0.4207,greedy-dsatur,15,1333,0,7,0,0,1,0,7,630,393,310,9,305,1378,200,14.482
comp-2007-2-16,1,200,500,10,19,0.4207,descent(greedy-dsatur),4,1064,0,1,0,0,0,0,3,534,276,254,4,137,1093,1000000,11644.968
comp-2007-2-16,1,200,500,10,19,0.4207,sa(greedy-dsatur),3,818,0,0,0,0,0,1,2,402,166,250,2,71,825,1000000,10988.828
comp-2007-2-16,2,200,500,10,19,0.4207,random,1294,3171,0,1231,54,0,0,0,9,2414,215,542,30,979,1417,200,0.223
comp-2007-2-16,2,200,500,10,19,0.4207,greedy-input,55,1486,0,36,0,0,10,0,9,781,339,366,24,849,1390,200,5.978
comp-2007-2-16,2,200,500,10,19,0.4207,greedy-random,41,1477,0,28,0,0,10,0,3,830,283,364,21,740,1237,200,10.214
comp-2007-2-16,2,200,500,10,19,0.4207,greedy-largest-degree,12,1574,0,6,0,0,1,0,5,771,447,356,10,331,1528,200,12.979
comp-2007-2-16,2,200,500,10,19,0.4207,greedy-dsatur,16,1471,0,7,0,0,3,0,6,736,406,329,11,393,1505,200,13.060
comp-2007-2-16,2,200,500,10,19,0.4207,descent(greedy-dsatur),3,1030,0,0,0,0,0,0,3,551,229,250,3,106,1054,1000000,11138.890
comp-2007-2-16,2,200,500,10,19,0.4207,sa(greedy-dsatur),1,891,0,1,0,0,0,0,0,457,209,225,1,38,896,1000000,9705.307
comp-2007-2-16,3,200,500,10,19,0.4207,random,1423,3286,0,1359,52,0,0,0,12,2620,88,578,31,1037,1464,200,0.353
comp-2007-2-16,3,200,500,10,19,0.4207,greedy-input,55,1486,0,36,0,0,10,0,9,781,339,366,24,849,1390,200,6.978
comp-2007-2-16,3,200,500,10,19,0.4207,greedy-random,35,1459,0,25,0,0,4,0,6,772,321,366,19,636,1492,200,5.471
comp-2007-2-16,3,200,500,10,19,0.4207,greedy-largest-degree,17,1584,0,9,0,0,2,0,6,825,410,349,11,377,1510,200,5.008
comp-2007-2-16,3,200,500,10,19,0.4207,greedy-dsatur,15,1335,0,7,0,0,2,0,6,666,374,295,10,333,1373,200,7.804
comp-2007-2-16,3,200,500,10,19,0.4207,descent(greedy-dsatur),2,1011,0,0,0,0,0,0,2,516,276,219,2,69,1005,1000000,9365.224
comp-2007-2-16,3,200,500,10,19,0.4207,sa(greedy-dsatur),0,730,0,0,0,0,0,0,0,296,220,214,0,0,730,1000000,9791.004
comp-2007-2-16,4,200,500,10,19,0.4207,random,1168,2841,0,1108,50,0,0,0,10,2106,217,518,33,1089,1456,200,0.221
comp-2007-2-16,4,200,500,10,19,0.4207,greedy-input,55,1486,0,36,0,0,10,0,9,781,339,366,24,849,1390,200,9.373
comp-2007-2-16,4,200,500,10,19,0.4207,greedy-random,45,1522,0,34,0,0,5,0,6,762,400,360,22,712,1456,200,4.648
comp-2007-2-16,4,200,500,10,19,0.4207,greedy-largest-degree,23,1611,0,12,0,0,6,0,5,784,475,352,14,478,1475,200,4.725
comp-2007-2-16,4,200,500,10,19,0.4207,greedy-dsatur,15,1335,0,7,0,0,2,0,6,666,374,295,10,333,1373,200,4.621
comp-2007-2-16,4,200,500,10,19,0.4207,descent(greedy-dsatur),2,958,0,0,0,0,0,1,1,473,250,235,2,70,959,1000000,9615.341
comp-2007-2-16,4,200,500,10,19,0.4207,sa(greedy-dsatur),0,625,0,0,0,0,0,0,0,328,123,174,0,0,625,1000000,8429.421
comp-2007-2-16,5,200,500,10,19,0.4207,random,1152,2951,0,1095,48,0,0,0,9,2260,126,565,26,834,1374,200,0.390
comp-2007-2-16,5,200,500,10,19,0.4207,greedy-input,55,1486,0,36,0,0,10,0,9,781,339,366,24,849,1390,200,9.746
comp-2007-2-16,5,200,500,10,19,0.4207,greedy-random,34,1416,0,25,0,0,4,0,5,715,360,341,19,630,1431,200,7.452
comp-2007-2-16,5,200,500,10,19,0.4207,greedy-largest-degree,14,1548,0,4,0,0,2,0,8,756,474,318,7,204,1541,200,7.255
comp-2007-2-16,5,200,500,10,19,0.4207,greedy-dsatur,16,1471,0,7,0,0,3,0,6,736,406,329,11,393,1505,200,5.145
comp-2007-2-16,5,200,500,10,19,0.4207,descent(greedy-dsatur),6,1025,0,1,0,0,1,0,4,517,259,249,6,226,1044,1000000,8799.668
comp-2007-2-16,5,200,500,10,19,0.4207,sa(greedy-dsatur),2,815,0,0,0,0,0,1,1,374,214,227,2,78,818,1000000,8502.093
comp-2007-2-16,6,200,500,10,19,0.4207,random,1223,2822,0,1161,48,0,0,0,14,2108,186,528,36,1192,1354,200,0.684
comp-2007-2-16,6,200,500,10,19,0.4207,greedy-input,55,1486,0,36,0,0,10,0,9,781,339,366,24,849,1390,200,8.090
comp-2007-2-16,6,200,500,10,19,0.4207,greedy-random,45,1337,0,35,0,0,6,0,4,678,331,328,25,833,1319,200,6.040
comp-2007-2-16,6,200,500,10,19,0.4207,greedy-largest-degree,14,1578,0,6,0,0,3,0,5,792,428,358,9,310,1465,200,6.616
comp-2007-2-16,6,200,500,10,19,0.4207,greedy-dsatur,15,1333,0,7,0,0,1,0,7,630,393,310,9,305,1378,200,4.804
comp-2007-2-16,6,200,500,10,19,0.4207,descent(greedy-dsatur),3,1013,0,0,0,0,0,0,3,526,224,263,3,107,984,1000000,8731.796
comp-2007-2-16,6,200,500,10,19,0.4207,sa(greedy-dsatur),0,678,0,0,0,0,0,0,0,308,165,205,0,0,678,1000000,8528.230
comp-2007-2-16,7,200,500,10,19,0.4207,random,1241,2683,0,1172,55,0,0,0,14,1940,177,566,33,1081,1440,200,0.249
comp-2007-2-16,7,200,500,10,19,0.4207,greedy-input,55,1486,0,36,0,0,10,0,9,781,339,366,24,849,1390,200,4.894
comp-2007-2-16,7,200,500,10,19,0.4207,greedy-random,51,1555,0,39,0,0,7,0,5,764,447,344,24,811,1578,200,4.810
comp-2007-2-16,7,200,500,10,19,0.4207,greedy-largest-degree,22,1664,0,12,0,0,3,0,7,861,443,360,15,519,1602,200,4.629
comp-2007-2-16,7,200,500,10,19,0.4207,greedy-dsatur,15,1333,0,7,0,0,1,0,7,630,393,310,9,305,1378,200,6.485
comp-2007-2-16,7,200,500,10,19,0.4207,descent(greedy-dsatur),3,951,0,0,0,0,0,0,3,454,245,252,3,107,965,1000000,8581.965
comp-2007-2-16,7,200,500,10,19,0.4207,sa(greedy-dsatur),1,877,0,0,0,0,0,0,1,464,170,243,1,31,878,1000000,8609.458
comp-2007-2-16,8,200,500,10,19,0.4207,random,978,2350,0,929,40,0,0,0,9,1629,236,485,30,1008,1426,200,0.384
comp-2007-2-16,8,200,500,10,19,0.4207,greedy-input,55,1486,0,36,0,0,10,0,9,781,339,366,24,849,1390,200,7.646
comp-2007-2-16,8,200,500,10,19,0.4207,greedy-random,40,1454,0,26,0,0,11,0,3,734,366,354,21,750,1353,200,10.655
comp-2007-2-16,8,200,500,10,19,0.4207,greedy-largest-degree,19,1425,0,11,0,0,2,0,6,690,385,350,13,436,1352,200,8.718
comp-2007-2-16,8,200,500,10,19,0.4207,greedy-dsatur,16,1471,0,7,0,0,3,0,6,736,406,329,11,393,1505,200,10.714
comp-2007-2-16,8,200,500,10,19,0.4207,descent(greedy-dsatur),6,1061,0,2,0,0,0,0,4,607,194,260,6,221,1084,1000000,8491.371
comp-2007-2-16,8,200,500,10,19,0.4207,sa(greedy-dsatur),2,995,0,1,0,0,0,0,1,544,204,247,2,76,1008,1000000,8473.594
comp-2007-2-16,9,200,500,10,19,0.4207,random,1291,2782,0,1232,47,0,0,0,12,2035,163,584,35,1104,1418,200,0.191
comp-2007-2-16,9,200,500,10,19,0.4207,greedy-input,55,1486,0,36,0,0,10,0,9,781,339,366,24,849,1390,200,7.089
comp-2007-2-16,9,200,500,10,19,0.4207,greedy-random,43,1633,0,29,0,0,6,0,8,876,417,340,20,679,1527,200,4.514
comp-2007-2-16,9,200,500,10,19,0.4207,greedy-largest-degree,15,1560,0,6,0,0,4,0,5,817,418,325,11,368,1487,200,6.281
comp-2007-2-16,9,200,500,10,19,0.4207,greedy-dsatur,15,1335,0,7,0,0,2,0,6,666,374,295,10,333,1373,200,5.752
comp-2007-2-16,9,200,500,10,19,0.4207,descent(greedy-dsatur),3,1086,0,1,0,0,1,1,0,640,228,218,3,106,1080,1000000,8277.461
comp-2007-2-16,9,200,500,10,19,0.4207,sa(greedy-dsatur),0,898,0,0,0,0,0,0,0,441,251,206,0,0,898,1000000,8292.857
comp-2007-2-16,10,200,500,10,19,0.4207,random,1145,2689,0,1080,54,0,0,0,11,2061,138,490,28,898,1480,200,0.850
comp-2007-2-16,10,200,500,10,19,0.4207,greedy-input,55,1486,0,36,0,0,10,0,9,781,339,366,24,849,1390,200,4.739
comp-2007-2-16,10,200,500,10,19,0.4207,greedy-random,46,1505,0,33,0,0,4,0,9,867,318,320,21,745,1402,200,4.557
comp-2007-2-16,10,200,500,10,19,0.4207,greedy-largest-degree,18,1600,0,8,0,0,5,0,5,871,387,342,8,242,1565,200,4.212
comp-2007-2-16,10,200,500,10,19,0.4207,greedy-dsatur,16,1471,0,7,0,0,3,0,6,736,406,329,11,393,1505,200,4.549
comp-2007-2-16,10,200,500,10,19,0.4207,descent(greedy-dsatur),3,1034,0,1,0,0,0,0,2,565,194,275,3,113,1053,1000000,9504.417
comp-2007-2-16,10,200,500,10,19,0.4207,sa(greedy-dsatur),0,792,0,0,0,0,0,0,0,436,142,214,0,0,792,1000000,10469.204
comp-2007-2-17,1,100,500,10,11,0.6994,random,1638,2510,0,1623,10,0,0,0,5,1761,589,160,9,778,1801,100,0.273
comp-2007-2-17,1,100,500,10,11,0.6994,greedy-input,60,2047,0,55,0,0,1,0,4,1062,912,73,4,489,1852,100,9.752
comp-2007-2-17,1,100,500,10,11,0.6994,greedy-random,64,2293,0,59,0,0,1,0,4,1302,912,79,7,673,1857,100,13.820
comp-2007-2-17,1,100,500,10,11,0.6994,greedy-largest-degree,4,1633,0,0,0,0,0,0,4,684,908,41,4,376,1473,100,12.191
comp-2007-2-17,1,100,500,10,11,0.6994,greedy-dsatur,1,1569,0,0,0,0,0,0,1,610,904,55,1,89,1541,100,8.835
comp-2007-2-17,1,100,500,10,11,0.6994,descent(greedy-dsatur),0,1426,0,0,0,0,0,0,0,641,745,40,0,0,1426,1000000,23501.782
comp-2007-2-17,1,100,500,10,11,0.6994,sa(greedy-dsatur),0,342,0,0,0,0,0,0,0,0,331,11,0,0,342,1000000,18789.937
comp-2007-2-17,2,100,500,10,11,0.6994,random,1847,3055,0,1829,12,0,0,0,6,2541,361,153,8,644,1700,100,0.251
comp-2007-2-17,2,100,500,10,11,0.6994,greedy-input,60,2047,0,55,0,0,1,0,4,1062,912,73,4,489,1852,100,12.306
comp-2007-2-17,2,100,500,10,11,0.6994,greedy-random,49,2113,0,47,0,0,1,0,1,875,1171,67,3,344,1973,100,7.099
comp-2007-2-17,2,100,500,10,11,0.6994,greedy-largest-degree,1,1826,0,0,0,0,0,0,1,647,1147,32,1,130,1758,100,6.591
comp-2007-2-17,2,100,500,10,11,0.6994,greedy-dsatur,2,1415,0,0,0,0,0,0,2,485,896,34,2,164,1392,100,10.869
comp-2007-2-17,2,100,500,10,11,0.6994,descent(greedy-dsatur),0,1042,0,0,0,0,0,0,0,564,461,17,0,0,1042,1000000,19474.216
comp-2007-2-17,2,100,500,10,11,0.6994,sa(greedy-dsatur),0,350,0,0,0,0,0,0,0,88,257,5,0,0,350,1000000,18405.530
comp-2007-2-17,3,100,500,10,11,0.6994,random,2137,2978,0,2118,13,0,0,0,6,2091,637,250,6,511,1530,100,0.244
comp-2007-2-17,3,100,500,10,11,0.6994,greedy-input,60,2047,0,55,0,0,1,0,4,1062,912,73,4,489,1852,100,11.921
comp-2007-2-17,3,100,500,10,11,0.6994,greedy-random,27,2231,0,26,0,0,0,0,1,1142,1025,64,2,250,2198,100,13.328
comp-2007-2-17,3,100,500,10,11,0.6994,greedy-largest-degree,19,1830,0,14,0,0,2,0,3,841,968,21,5,433,1610,100,10.518
comp-2007-2-17,3,100,500,10,11,0.6994,greedy-dsatur,2,1415,0,0,0,0,0,0,2,485,896,34,2,164,1392,100,9.107
comp-2007-2-17,3,100,500,10,11,0.6994,descent(greedy-dsatur),0,979,0,0,0,0,0,0,0,489,474,16,0,0,979,1000000,19659.671
comp-2007-2-17,3,100,500,10,11,0.6994,sa(greedy-dsatur),0,407,0,0,0,0,0,0,0,0,405,2,0,0,407,1000000,17612.612
comp-2007-2-17,4,100,500,10,11,0.6994,random,1786,2603,0,1766,12,0,0,0,8,1920,448,235,7,631,1909,100,0.244
comp-2007-2-17,4,100,500,10,11,0.6994,greedy-input,60,2047,0,55,0,0,1,0,4,1062,912,73,4,489,1852,100,7.567
comp-2007-2-17,4,100,500,10,11,0.6994,greedy-random,39,2635,0,35,0,0,2,0,2,1088,1478,69,4,364,2344,100,7.203
comp-2007-2-17,4,100,500,10,11,0.6994,greedy-largest-degree,45,1685,0,39,0,0,1,0,5,733,929,23,6,446,1594,100,7.219
comp-2007-2-17,4,100,500,10,11,0.6994,greedy-dsatur,1,1544,0,0,0,0,0,0,1,610,889,45,1,89,1526,100,7.312
comp-2007-2-17,4,100,500,10,11,0.6994,descent(greedy-dsatur),0,1057,0,0,0,0,0,0,0,411,634,12,0,0,1057,1000000,23297.423
comp-2007-2-17,4,100,500,10,11,0.6994,sa(greedy-dsatur),0,440,0,0,0,0,0,0,0,193,241,6,0,0,440,1000000,19083.250
comp-2007-2-17,5,100,500,10,11,0.6994,random,1974,3299,0,1949,18,0,0,0,7,2390,638,271,8,622,2052,100,0.633
comp-2007-2-17,5,100,500,10,11,0.6994,greedy-input,60,2047,0,55,0,0,1,0,4,1062,912,73,4,489,1852,100,9.666
comp-2007-2-17,5,100,500,10,11,0.6994,greedy-random,46,2170,0,43,0,0,0,0,3,975,1106,89,2,252,2010,100,9.400
comp-2007-2-17,5,100,500,10,11,0.6994,greedy-largest-degree,8,1935,0,4,0,0,1,0,3,893,994,48,5,468,1733,100,11.449
comp-2007-2-17,5,100,500,10,11,0.6994,greedy-dsatur,0,1626,0,0,0,0,0,0,0,612,964,50,0,0,1626,100,10.690
comp-2007-2-17,5,100,500,10,11,0.6994,descent(greedy-dsatur),0,981,0,0,0,0,0,0,0,351,625,5,0,0,981,1000000,19433.236
comp-2007-2-17,5,100,500,10,11,0.6994,sa(greedy-dsatur),0,543,0,0,0,0,0,0,0,0,538,5,0,0,543,1000000,21249.944
comp-2007-2-17,6,100,500,10,11,0.6994,random,1858,2867,0,1840,12,0,0,0,6,1995,599,273,7,583,1932,100,0.716
comp-2007-2-17,6,100,500,10,11,0.6994,greedy-input,60,2047,0,55,0,0,1,0,4,1062,912,73,4,489,1852,100,13.842
comp-2007-2-17,6,100,500,10,11,0.6994,greedy-random,38,2088,0,33,0,0,1,0,4,778,1219,91,5,493,2339,100,14.537
comp-2007-2-17,6,100,500,10,11,0.6994,greedy-largest-degree,23,1758,0,20,0,0,0,0,3,806,907,45,4,326,1791,100,20.495
comp-2007-2-17,6,100,500,10,11,0.6994,greedy-dsatur,1,1714,0,0,0,0,0,0,1,529,1137,48,1,75,1704,100,13.521
comp-2007-2-17,6,100,500,10,11,0.6994,descent(greedy-dsatur),0,742,0,0,0,0,0,0,0,127,602,13,0,0,742,1000000,20933.606
comp-2007-2-17,6,100,500,10,11,0.6994,sa(greedy-dsatur),0,217,0,0,0,0,0,0,0,0,213,4,0,0,217,1000000,18607.048
comp-2007-2-17,7,100,500,10,11,0.6994,random,1848,2705,0,1829,12,0,0,0,7,1894,602,209,10,794,1759,100,0.242
comp-2007-2-17,7,100,500,10,11,0.6994,greedy-input,60,2047,0,55,0,0,1,0,4,1062,912,73,4,489,1852,100,7.950
comp-2007-2-17,7,100,500,10,11,0.6994,greedy-random,18,1974,0,14,0,0,1,0,3,914,997,63,7,622,1723,100,12.562
comp-2007-2-17,7,100,500,10,11,0.6994,greedy-largest-degree,13,1843,0,9,0,0,0,0,4,904,905,34,3,287,1817,100,12.937
comp-2007-2-17,7,100,500,10,11,0.6994,greedy-dsatur,2,1627,0,0,0,0,0,0,2,574,1034,19,2,164,1611,100,10.155
comp-2007-2-17,7,100,500,10,11,0.6994,descent(greedy-dsatur),0,911,0,0,0,0,0,0,0,181,718,12,0,0,911,1000000,19456.503
comp-2007-2-17,7,100,500,10,11,0.6994,sa(greedy-dsatur),0,362,0,0,0,0,0,0,0,0,358,4,0,0,362,1000000,17599.407
comp-2007-2-17,8,100,500,10,11,0.6994,random,2035,2628,0,2016,14,0,0,0,5,1429,870,329,4,322,1748,100,0.480
comp-2007-2-17,8,100,500,10,11,0.6994,greedy-input,60,2047,0,55,0,0,1,0,4,1062,912,73,4,489,1852,100,15.417
comp-2007-2-17,8,100,500,10,11,0.6994,greedy-random,37,2395,0,35,0,0,1,0,1,1299,1022,74,5,349,2187,100,12.764
comp-2007-2-17,8,100,500,10,11,0.6994,greedy-largest-degree,32,1800,0,29,0,0,0,0,3,738,1012,50,3,238,1730,100,7.358
comp-2007-2-17,8,100,500,10,11,0.6994,greedy-dsatur,0,1470,0,0,0,0,0,0,0,527,898,45,0,0,1470,100,17.427
comp-2007-2-17,8,100,500,10,11,0.6994,descent(greedy-dsatur),0,1368,0,0,0,0,0,0,0,627,703,38,0,0,1368,1000000,23340.571
comp-2007-2-17,8,100,500,10,11,0.6994,sa(greedy-dsatur),0,195,0,0,0,0,0,0,0,0,188,7,0,0,195,1000000,19476.881
comp-2007-2-17,9,100,500,10,11,0.6994,random,1537,2188,0,1521,11,0,0,0,5,1457,563,168,7,581,1910,100,0.263
comp-2007-2-17,9,100,500,10,11,0.6994,greedy-input,60,2047,0,55,0,0,1,0,4,1062,912,73,4,489,1852,100,11.714
comp-2007-2-17,9,100,500,10,11,0.6994,greedy-random,38,2647,0,32,0,0,1,0,5,936,1574,137,7,531,2360,100,15.472
comp-2007-2-17,9,100,500,10,11,0.6994,greedy-largest-degree,2,1848,0,0,0,0,0,0,2,542,1275,31,2,205,1793,100,12.946
comp-2007-2-17,9,100,500,10,11,0.6994,greedy-dsatur,0,1598,0,0,0,0,0,0,0,605,948,45,0,0,1598,100,14.272
comp-2007-2-17,9,100,500,10,11,0.6994,descent(greedy-dsatur),0,1136,0,0,0,0,0,0,0,602,520,14,0,0,1136,1000000,21463.562
comp-2007-2-17,9,100,500,10,11,0.6994,sa(greedy-dsatur),0,395,0,0,0,0,0,0,0,118,274,3,0,0,395,1000000,17836.414
comp-2007-2-17,10,100,500,10,11,0.6994,random,2472,4078,0,2448,19,0,0,0,5,3432,381,265,7,569,1981,100,0.227
comp-2007-2-17,10,100,500,10,11,0.6994,greedy-input,60,2047,0,55,0,0,1,0,4,1062,912,73,4,489,1852,100,11.005
comp-2007-2-17,10,100,500,10,11,0.6994,greedy-random,24,1964,0,20,0,0,1,0,3,934,942,88,4,371,1838,100,11.991
comp-2007-2-17,10,100,500,10,11,0.6994,greedy-largest-degree,5,1547,0,2,0,0,0,0,3,633,894,20,4,360,1384,100,8.568
comp-2007-2-17,10,100,500,10,11,0.6994,greedy-dsatur,0,1718,0,0,0,0,0,0,0,588,1095,35,0,0,1718,100,10.188
comp-2007-2-17,10,100,500,10,11,0.6994,descent(greedy-dsatur),0,962,0,0,0,0,0,0,0,235,723,4,0,0,962,1000000,18034.117
comp-2007-2-17,10,100,500,10,11,0.6994,sa(greedy-dsatur),0,538,0,0,0,0,0,0,0,147,381,10,0,0,538,1000000,17828.169
comp-2007-2-18,1,200,500,10,20,0.6439,random,2030,2736,0,1966,57,0,0,0,7,1846,739,151,49,2239,1561,200,0.415
comp-2007-2-18,1,200,500,10,20,0.6439,greedy-input,183,2817,0,169,0,0,7,0,7,1317,1433,67,40,2044,2020,200,17.088
comp-2007-2-18,1,200,500,10,20,0.6439,greedy-random,148,2725,0,133,0,0,8,0,7,1271,1407,47,37,1808,2060,200,14.374
comp-2007-2-18,1,200,500,10,20,0.6439,greedy-largest-degree,78,2454,0,68,0,0,6,0,4,1150,1278,26,30,1393,1809,200,20.266
comp-2007-2-18,1,200,500,10,20,0.6439,greedy-dsatur,53,2694,0,42,0,0,6,0,5,1186,1442,66,24,1115,2179,200,11.714
comp-2007-2-18,1,200,500,10,20,0.6439,descent(greedy-dsatur),16,2464,0,11,0,0,0,0,5,1017,1379,68,14,654,2194,1000000,14456.201
comp-2007-2-18,1,200,500,10,20,0.6439,sa(greedy-dsatur),15,2421,0,7,0,0,1,1,6,1038,1328,55,14,622,2190,1000000,14316.203
comp-2007-2-18,2,200,500,10,20,0.6439,random,2065,3033,0,2008,46,0,0,0,11,2027,836,170,39,1811,1800,200,0.654
comp-2007-2-18,2,200,500,10,20,0.6439,greedy-input,183,2817,0,169,0,0,7,0,7,1317,1433,67,40,2044,2020,200,16.967
comp-2007-2-18,2,200,500,10,20,0.6439,greedy-random,204,2676,0,191,0,0,8,0,5,1324,1287,65,43,2145,1828,200,11.362
comp-2007-2-18,2,200,500,10,20,0.6439,greedy-largest-degree,86,2532,0,79,0,0,2,0,5,1169,1328,35,33,1428,1904,200,13.121
comp-2007-2-18,2,200,500,10,20,0.6439,greedy-dsatur,56,2613,0,44,0,0,7,0,5,1223,1329,61,24,1093,2235,200,14.402
comp-2007-2-18,2,200,500,10,20,0.6439,descent(greedy-dsatur),20,2447,0,12,0,0,1,4,3,1219,1178,50,15,795,2101,1000000,13898.829
comp-2007-2-18,2,200,500,10,20,0.6439,sa(greedy-dsatur),20,2559,0,11,0,0,2,4,3,1163,1318,78,15,751,2228,1000000,13861.654
comp-2007-2-18,3,200,500,10,20,0.6439,random,1856,2780,0,1803,43,0,0,0,10,1800,850,130,55,2751,1705,200,0.765
comp-2007-2-18,3,200,500,10,20,0.6439,greedy-input,183,2817,0,169,0,0,7,0,7,1317,1433,67,40,2044,2020,200,18.636
comp-2007-2-18,3,200,500,10,20,0.6439,greedy-random,185,2921,0,172,0,0,7,0,6,1336,1513,72,42,2117,2046,200,15.105
comp-2007-2-18,3,200,500,10,20,0.6439,greedy-largest-degree,68,2435,0,59,0,0,5,0,4,1218,1190,27,28,1137,1965,200,11.620
comp-2007-2-18,3,200,500,10,20,0.6439,greedy-dsatur,53,2442,0,42,0,0,7,0,4,1138,1246,58,22,1122,2041,200,13.262
comp-2007-2-18,3,200,500,10,20,0.6439,descent(greedy-dsatur),21,2023,0,15,0,0,2,1,3,960,1030,33,16,726,1747,1000000,13597.388
comp-2007-2-18,3,200,500,10,20,0.6439,sa(greedy-dsatur),6,1762,0,2,0,0,1,2,1,869,855,38,6,305,1683,1000000,13391.421
comp-2007-2-18,4,200,500,10,20,0.6439,random,1839,2981,0,1786,43,0,0,0,10,2107,734,140,47,2076,1537,200,0.353
comp-2007-2-18,4,200,500,10,20,0.6439,greedy-input,183,2817,0,169,0,0,7,0,7,1317,1433,67,40,2044,2020,200,16.942
comp-2007-2-18,4,200,500,10,20,0.6439,greedy-random,122,2783,0,107,0,0,8,0,7,1366,1335,82,32,1535,2187,200,16.901
comp-2007-2-18,4,200,500,10,20,0.6439,greedy-largest-degree,101,2451,0,90,0,0,7,0,4,1196,1217,38,36,1664,1959,200,11.067
comp-2007-2-18,4,200,500,10,20,0.6439,greedy-dsatur,59,2681,0,53,0,0,4,0,2,1203,1407,71,20,965,2393,200,12.668
comp-2007-2-18,4,200,500,10,20,0.6439,descent(greedy-dsatur),15,2448,0,12,0,0,1,1,1,1135,1270,43,12,567,2259,1000000,13841.500
comp-2007-2-18,4,200,500,10,20,0.6439,sa(greedy-dsatur),14,2416,0,11,0,0,1,1,1,1165,1211,40,10,488,2367,1000000,17162.137
comp-2007-2-18,5,200,500,10,20,0.6439,random,2177,2621,0,2124,43,0,0,0,10,1951,513,157,46,2087,1824,200,0.834
comp-2007-2-18,5,200,500,10,20,0.6439,greedy-input,183,2817,0,169,0,0,7,0,7,1317,1433,67,40,2044,2020,200,11.666
comp-2007-2-18,5,200,500,10,20,0.6439,greedy-random,179,2428,0,160,0,0,10,0,9,1258,1111,59,36,1698,1833,200,15.924
comp-2007-2-18,5,200,500,10,20,0.6439,greedy-largest-degree,60,2445,0,47,0,0,7,0,6,1146,1251,48,22,966,2105,200,11.040
comp-2007-2-18,5,200,500,10,20,0.6439,greedy-dsatur,63,2839,0,56,0,0,3,0,4,1400,1381,58,26,1141,2232,200,15.184
comp-2007-2-18,5,200,500,10,20,0.6439,descent(greedy-dsatur),14,2310,0,8,0,0,1,2,3,1128,1157,25,11,491,2098,1000000,14912.003
comp-2007-2-18,5,200,500,10,20,0.6439,sa(greedy-dsatur),29,2566,0,20,0,0,3,2,4,1334,1191,41,19,937,2047,1000000,14852.484
comp-2007-2-18,6,200,500,10,20,0.6439,random,2110,2845,0,2052,52,0,0,0,6,1959,701,185,45,2251,1563,200,0.343
comp-2007-2-18,6,200,500,10,20,0.6439,greedy-input,183,2817,0,169,0,0,7,0,7,1317,1433,67,40,2044,2020,200,15.630
comp-2007-2-18,6,200,500,10,20,0.6439,greedy-random,146,2628,0,129,0,0,7,0,10,1189,1379,60,31,1522,1955,200,15.899
comp-2007-2-18,6,200,500,10,20,0.6439,greedy-largest-degree,46,2406,0,38,0,0,5,0,3,1154,1215,37,23,990,2063,200,19.708
comp-2007-2-18,6,200,500,10,20,0.6439,greedy-dsatur,85,2727,0,80,0,0,3,0,2,1461,1211,55,28,1394,2173,200,13.303
comp-2007-2-18,6,200,500,10,20,0.6439,descent(greedy-dsatur),31,2608,0,28,0,0,0,1,2,1313,1268,27,22,1075,2187,1000000,14688.666
comp-2007-2-18,6,200,500,10,20,0.6439,sa(greedy-dsatur),29,2512,0,24,0,0,1,3,1,1211,1263,38,18,886,2229,1000000,16574.413
comp-2007-2-18,7,200,500,10,20,0.6439,random,2056,2713,0,1997,50,0,0,0,9,1724,789,200,47,2431,1544,200,0.380
comp-2007-2-18,7,200,500,10,20,0.6439,greedy-input,183,2817,0,169,0,0,7,0,7,1317,1433,67,40,2044,2020,200,10.776
comp-2007-2-18,7,200,500,10,20,0.6439,greedy-random,145,2505,0,132,0,0,7,0,6,1175,1287,43,34,1589,1908,200,10.930
comp-2007-2-18,7,200,500,10,20,0.6439,greedy-largest-degree,111,2502,0,96,0,0,10,0,5,1108,1360,34,31,1406,1864,200,17.306
comp-2007-2-18,7,200,500,10,20,0.6439,greedy-dsatur,60,2586,0,50,0,0,6,0,4,1149,1342,95,26,1163,2059,200,18.739
comp-2007-2-18,7,200,500,10,20,0.6439,descent(greedy-dsatur),17,2185,0,11,0,0,2,0,4,1063,1060,62,13,574,2086,1000000,16020.179
comp-2007-2-18,7,200,500,10,20,0.6439,sa(greedy-dsatur),14,2276,0,8,0,0,2,1,3,1188,1044,44,10,423,2138,1000000,14790.225
comp-2007-2-18,8,200,500,10,20,0.6439,random,2041,2604,0,1984,46,0,0,0,11,1869,573,162,48,2336,1660,200,0.683
comp-2007-2-18,8,200,500,10,20,0.6439,greedy-input,183,2817,0,169,0,0,7,0,7,1317,1433,67,40,2044,2020,200,15.673
comp-2007-2-18,8,200,500,10,20,0.6439,greedy-random,193,2676,0,173,0,0,10,0,10,1456,1169,51,43,1977,1907,200,16.070
comp-2007-2-18,8,200,500,10,20,0.6439,greedy-largest-degree,102,2592,0,92,0,0,5,0,5,1175,1384,33,34,1685,1713,200,20.020
comp-2007-2-18,8,200,500,10,20,0.6439,greedy-dsatur,56,2682,0,49,0,0,4,0,3,1215,1412,55,23,1081,2166,200,16.339
comp-2007-2-18,8,200,500,10,20,0.6439,descent(greedy-dsatur),33,2387,0,23,0,0,2,7,1,1019,1316,52,21,965,2176,1000000,14702.218
comp-2007-2-18,8,200,500,10,20,0.6439,sa(greedy-dsatur),21,2462,0,16,0,0,1,3,1,1059,1362,41,16,735,2248,1000000,14677.199
comp-2007-2-18,9,200,500,10,20,0.6439,random,2088,2640,0,2030,46,0,0,0,12,1630,838,172,48,2231,1751,200,0.565
comp-2007-2-18,9,200,500,10,20,0.6439,greedy-input,183,2817,0,169,0,0,7,0,7,1317,1433,67,40,2044,2020,200,15.308
comp-2007-2-18,9,200,500,10,20,0.6439,greedy-random,208,2695,0,191,0,0,6,0,11,1234,1398,63,41,1940,1961,200,14.864
comp-2007-2-18,9,200,500,10,20,0.6439,greedy-largest-degree,102,2736,0,96,0,0,1,0,5,1270,1398,68,26,1222,2145,200,16.164
comp-2007-2-18,9,200,500,10,20,0.6439,greedy-dsatur,48,2437,0,41,0,0,5,0,2,1194,1189,54,22,966,2023,200,14.473
comp-2007-2-18,9,200,500,10,20,0.6439,descent(greedy-dsatur),19,2338,0,14,0,0,1,2,2,1144,1147,47,12,502,2132,1000000,14166.104
comp-2007-2-18,9,200,500,10,20,0.6439,sa(greedy-dsatur),18,2327,0,12,0,0,2,2,2,1165,1121,41,14,616,2095,1000000,15849.919
comp-2007-2-18,10,200,500,10,20,0.6439,random,2093,2337,0,2034,48,0,0,0,11,1560,630,147,48,2212,1489,200,0.393
comp-2007-2-18,10,200,500,10,20,0.6439,greedy-input,183,2817,0,169,0,0,7,0,7,1317,1433,67,40,2044,2020,200,13.954
comp-2007-2-18,10,200,500,10,20,0.6439,greedy-random,174,2487,0,162,0,0,9,0,3,1109,1343,35,35,1711,1995,200,16.391
comp-2007-2-18,10,200,500,10,20,0.6439,greedy-largest-degree,91,2492,0,84,0,0,2,0,5,1157,1284,51,27,1307,2040,200,17.565
comp-2007-2-18,10,200,500,10,20,0.6439,greedy-dsatur,57,2589,0,49,0,0,5,0,3,1178,1352,59,27,1119,2112,200,14.399
comp-2007-2-18,10,200,500,10,20,0.6439,descent(greedy-dsatur),25,2177,0,20,0,0,2,2,1,1028,1110,39,19,825,1911,1000000,14835.772
comp-2007-2-18,10,200,500,10,20,0.6439,sa(greedy-dsatur),3,1907,0,1,0,0,1,1,0,901,995,11,3,168,1856,1000000,15587.203
comp-2007-2-19,1,300,1000,10,31,0.4635,random,1661,3962,0,1550,99,0,0,0,12,2441,493,1028,65,2961,2358,300,0.737
comp-2007-2-19,1,300,1000,10,31,0.4635,greedy-input,142,2809,0,115,0,0,19,0,8,1406,686,717,55,2645,2617,300,16.620
comp-2007-2-19,1,300,1000,10,31,0.4635,greedy-random,163,2742,0,132,0,0,21,0,10,1377,670,695,66,3172,2585,300,15.591
comp-2007-2-19,1,300,1000,10,31,0.4635,greedy-largest-degree,94,2785,0,66,0,2,17,0,9,1382,726,677,50,2268,2769,300,19.141
comp-2007-2-19,1,300,1000,10,31,0.4635,greedy-dsatur,88,2664,0,52,0,0,24,0,12,1326,682,656,49,2284,2709,300,13.990
comp-2007-2-19,1,300,1000,10,31,0.4635,descent(greedy-dsatur),52,2439,0,37,1,0,6,0,8,1346,508,585,39,1786,2574,1000000,14448.379
comp-2007-2-19,1,300,1000,10,31,0.4635,sa(greedy-dsatur),45,2566,0,32,1,1,5,0,6,1400,553,613,37,1682,2601,1000000,12111.092
comp-2007-2-19,2,300,1000,10,31,0.4635,random,1803,3850,0,1683,104,0,0,0,16,2444,434,972,71,3237,2467,300,0.482
comp-2007-2-19,2,300,1000,10,31,0.4635,greedy-input,142,2809,0,115,0,0,19,0,8,1406,686,717,55,2645,2617,300,17.746
comp-2007-2-19,2,300,1000,10,31,0.4635,greedy-random,168,3237,0,138,0,0,20,0,10,1696,764,777,64,3075,2675,300,12.897
comp-2007-2-19,2,300,1000,10,31,0.4635,greedy-largest-degree,99,2596,0,82,0,0,12,0,5,1336,643,617,52,2359,2588,300,13.482
comp-2007-2-19,2,300,1000,10,31,0.4635,greedy-dsatur,88,2664,0,52,0,0,24,0,12,1326,682,656,49,2284,2709,300,12.988
comp-2007-2-19,2,300,1000,10,31,0.4635,descent(greedy-dsatur),57,2451,0,36,1,0,9,1,10,1312,508,631,44,2014,2429,1000000,11737.020
comp-2007-2-19,2,300,1000,10,31,0.4635,sa(greedy-dsatur),41,2440,0,30,0,0,6,0,5,1355,540,545,32,1521,2456,1000000,11609.561
comp-2007-2-19,3,300,1000,10,31,0.4635,random,1994,3864,0,1877,102,0,0,0,15,2488,400,976,69,3169,2540,300,0.391
comp-2007-2-19,3,300,1000,10,31,0.4635,greedy-input,142,2809,0,115,0,0,19,0,8,1406,686,717,55,2645,2617,300,17.572
comp-2007-2-19,3,300,1000,10,31,0.4635,greedy-random,151,3102,0,122,0,1,18,0,10,1508,833,761,63,3034,2818,300,17.142
comp-2007-2-19,3,300,1000,10,31,0.4635,greedy-largest-degree,112,2747,0,81,0,1,16,0,14,1468,636,643,56,2457,2880,300,15.032
comp-2007-2-19,3,300,1000,10,31,0.4635,greedy-dsatur,88,2664,0,52,0,0,24,0,12,1326,682,656,49,2284,2709,300,14.686
comp-2007-2-19,3,300,1000,10,31,0.4635,descent(greedy-dsatur),58,2465,0,37,0,1,11,2,7,1365,533,567,40,1829,2589,1000000,11492.692
comp-2007-2-19,3,300,1000,10,31,0.4635,sa(greedy-dsatur),51,2423,0,36,0,0,6,2,7,1299,529,595,40,1838,2520,1000000,12706.169
comp-2007-2-19,4,300,1000,10,31,0.4635,random,1901,4800,0,1781,103,0,0,0,17,3400,370,1030,65,3064,2442,300,0.394
comp-2007-2-19,4,300,1000,10,31,0.4635,greedy-input,142,2809,0,115,0,0,19,0,8,1406,686,717,55,2645,2617,300,16.488
comp-2007-2-19,4,300,1000,10,31,0.4635,greedy-random,143,2824,0,115,0,1,21,0,6,1309,754,761,63,3000,2535,300,17.673
comp-2007-2-19,4,300,1000,10,31,0.4635,greedy-largest-degree,94,2476,0,73,0,0,14,0,7,1256,623,597,52,2222,2540,300,17.175
comp-2007-2-19,4,300,1000,10,31,0.4635,greedy-dsatur,88,2664,0,52,0,0,24,0,12,1326,682,656,49,2284,2709,300,15.111
comp-2007-2-19,4,300,1000,10,31,0.4635,descent(greedy-dsatur),58,2612,0,36,0,0,12,1,9,1487,547,578,44,2045,2662,1000000,13042.658
comp-2007-2-19,4,300,1000,10,31,0.4635,sa(greedy-dsatur),37,2433,0,22,1,0,7,0,7,1379,489,565,30,1332,2519,1000000,13021.369
comp-2007-2-19,5,300,1000,10,31,0.4635,random,1792,4147,0,1664,103,0,0,0,25,2572,575,1000,72,3295,2523,300,0.419
comp-2007-2-19,5,300,1000,10,31,0.4635,greedy-input,142,2809,0,115,0,0,19,0,8,1406,686,717,55,2645,2617,300,19.161
comp-2007-2-19,5,300,1000,10,31,0.4635,greedy-random,155,2596,0,123,0,0,26,0,6,1278,615,703,66,3223,2407,300,19.057
comp-2007-2-19,5,300,1000,10,31,0.4635,greedy-largest-degree,96,2685,0,65,0,3,18,0,10,1431,626,628,57,2523,2717,300,13.932
comp-2007-2-19,5,300,1000,10,31,0.4635,greedy-dsatur,99,2681,0,61,0,0,23,0,15,1275,710,696,55,2657,2746,300,16.373
comp-2007-2-19,5,300,1000,10,31,0.4635,descent(greedy-dsatur),68,2568,0,50,0,0,12,0,6,1350,608,610,45,2221,2560,1000000,12564.292
comp-2007-2-19,5,300,1000,10,31,0.4635,sa(greedy-dsatur),48,2325,0,39,0,0,6,0,3,1337,448,540,34,1636,2284,1000000,11136.267
comp-2007-2-19,6,300,1000,10,31,0.4635,random,1883,3832,0,1772,97,0,0,0,14,2368,499,965,72,3279,2493,300,0.387
comp-2007-2-19,6,300,1000,10,31,0.4635,greedy-input,142,2809,0,115,0,0,19,0,8,1406,686,717,55,2645,2617,300,19.409
comp-2007-2-19,6,300,1000,10,31,0.4635,greedy-random,166,2921,0,132,0,0,20,0,14,1319,863,739,61,2890,2505,300,13.870
comp-2007-2-19,6,300,1000,10,31,0.4635,greedy-largest-degree,96,2620,0,70,0,1,16,0,9,1423,561,636,59,2647,2576,300,16.658
comp-2007-2-19,6,300,1000,10,31,0.4635,greedy-dsatur,88,2664,0,52,0,0,24,0,12,1326,682,656,49,2284,2709,300,18.177
comp-2007-2-19,6,300,1000,10,31,0.4635,descent(greedy-dsatur),53,2477,0,33,0,1,9,0,10,1304,550,623,39,1783,2538,1000000,11388.139
comp-2007-2-19,6,300,1000,10,31,0.4635,sa(greedy-dsatur),46,2441,0,30,1,0,5,1,9,1340,508,593,38,1778,2454,1000000,11480.516
comp-2007-2-19,7,300,1000,10,31,0.4635,random,1711,4015,0,1598,98,0,0,0,15,2572,523,920,73,3328,2536,300,0.356
comp-2007-2-19,7,300,1000,10,31,0.4635,greedy-input,142,2809,0,115,0,0,19,0,8,1406,686,717,55,2645,2617,300,12.519
comp-2007-2-19,7,300,1000,10,31,0.4635,greedy-random,157,3044,0,125,0,1,19,0,12,1598,750,696,66,3203,2806,300,22.060
comp-2007-2-19,7,300,1000,10,31,0.4635,greedy-largest-degree,102,2633,0,80,0,0,12,0,10,1331,704,598,54,2353,2657,300,12.676
comp-2007-2-19,7,300,1000,10,31,0.4635,greedy-dsatur,88,2664,0,52,0,0,24,0,12,1326,682,656,49,2284,2709,300,19.011
comp-2007-2-19,7,300,1000,10,31,0.4635,descent(greedy-dsatur),57,2569,0,39,0,0,10,0,8,1450,511,608,39,1794,2535,1000000,11551.159
comp-2007-2-19,7,300,1000,10,31,0.4635,sa(greedy-dsatur),51,2591,0,36,0,0,7,0,8,1500,464,627,40,1877,2622,1000000,13309.345
comp-2007-2-19,8,300,1000,10,31,0.4635,random,2109,3938,0,1996,103,0,0,0,10,2424,421,1093,71,3283,2510,300,0.372
comp-2007-2-19,8,300,1000,10,31,0.4635,greedy-input,142,2809,0,115,0,0,19,0,8,1406,686,717,55,2645,2617,300,20.376
comp-2007-2-19,8,300,1000,10,31,0.4635,greedy-random,148,2787,0,121,0,1,18,0,8,1395,733,659,65,3047,2588,300,20.894
comp-2007-2-19,8,300,1000,10,31,0.4635,greedy-largest-degree,104,2601,0,79,0,1,14,0,10,1334,670,597,60,2682,2645,300,18.598
comp-2007-2-19,8,300,1000,10,31,0.4635,greedy-dsatur,99,2674,0,61,0,0,23,0,15,1275,703,696,54,2604,2733,300,18.887
comp-2007-2-19,8,300,1000,10,31,0.4635,descent(greedy-dsatur),68,2644,0,50,0,0,11,0,7,1411,612,621,45,2203,2727,1000000,11993.454
comp-2007-2-19,8,300,1000,10,31,0.4635,sa(greedy-dsatur),54,2356,0,39,0,0,9,1,5,1285,495,576,37,1836,2440,1000000,13029.332
comp-2007-2-19,9,300,1000,10,31,0.4635,random,1795,3640,0,1677,104,0,0,0,14,2193,480,967,66,3083,2455,300,1.018
comp-2007-2-19,9,300,1000,10,31,0.4635,greedy-input,142,2809,0,115,0,0,19,0,8,1406,686,717,55,2645,2617,300,13.845
comp-2007-2-19,9,300,1000,10,31,0.4635,greedy-random,169,2866,0,133,0,0,25,0,11,1383,752,731,65,2984,2471,300,17.184
comp-2007-2-19,9,300,1000,10,31,0.4635,greedy-largest-degree,105,2540,0,80,0,5,14,0,6,1408,508,624,54,2488,2622,300,22.909
comp-2007-2-19,9,300,1000,10,31,0.4635,greedy-dsatur,99,2681,0,61,0,0,23,0,15,1275,710,696,55,2657,2746,300,17.167
comp-2007-2-19,9,300,1000,10,31,0.4635,descent(greedy-dsatur),68,2521,0,50,0,0,10,1,7,1400,561,560,44,2099,2625,1000000,11860.588
comp-2007-2-19,9,300,1000,10,31,0.4635,sa(greedy-dsatur),57,2496,0,40,1,0,9,0,7,1319,572,605,42,1956,2435,1000000,13128.603
comp-2007-2-19,10,300,1000,10,31,0.4635,random,2187,3651,0,2065,101,0,0,0,21,2221,395,1035,77,3492,2422,300,0.405
comp-2007-2-19,10,300,1000,10,31,0.4635,greedy-input,142,2809,0,115,0,0,19,0,8,1406,686,717,55,2645,2617,300,23.864
comp-2007-2-19,10,300,1000,10,31,0.4635,greedy-random,166,3031,0,141,0,0,15,0,10,1571,777,683,67,3088,2620,300,20.957
comp-2007-2-19,10,300,1000,10,31,0.4635,greedy-largest-degree,93,2673,0,65,0,0,14,0,14,1354,671,648,56,2503,2875,300,17.951
comp-2007-2-19,10,300,1000,10,31,0.4635,greedy-dsatur,88,2664,0,52,0,0,24,0,12,1326,682,656,49,2284,2709,300,14.980
comp-2007-2-19,10,300,1000,10,31,0.4635,descent(greedy-dsatur),52,2497,0,35,0,0,8,0,9,1401,507,589,40,1887,2640,1000000,11052.512
comp-2007-2-19,10,300,1000,10,31,0.4635,sa(greedy-dsatur),48,2352,0,32,1,0,7,0,8,1256,520,576,35,1607,2506,1000000,10832.967
comp-2007-2-20,1,400,1000,10,40,0.2702,random,1860,3852,0,1692,149,0,0,0,19,2375,474,1003,56,1886,2387,400,0.478
comp-2007-2-20,1,400,1000,10,40,0.2702,greedy-input,64,2845,0,38,0,1,17,0,8,1454,683,708,35,1168,2713,400,18.846
comp-2007-2-20,1,400,1000,10,40,0.2702,greedy-random,84,2793,0,55,5,0,14,0,10,1486,665,642,45,1546,2685,400,19.219
comp-2007-2-20,1,400,1000,10,40,0.2702,greedy-largest-degree,39,2844,0,18,0,2,13,0,6,1361,847,636,29,965,2914,400,15.115
comp-2007-2-20,1,400,1000,10,40,0.2702,greedy-dsatur,30,2528,0,8,0,0,15,0,7,1214,734,580,19,637,2626,400,17.355
comp-2007-2-20,1,400,1000,10,40,0.2702,descent(greedy-dsatur),9,2089,0,3,3,0,2,0,1,1045,494,550,8,272,2109,1000000,9525.384
comp-2007-2-20,1,400,1000,10,40,0.2702,sa(greedy-dsatur),7,1924,0,1,4,0,1,0,1,985,459,480,7,242,1915,1000000,8859.654
comp-2007-2-20,2,400,1000,10,40,0.2702,random,1968,3916,0,1787,157,0,0,0,24,2546,416,954,60,1997,2610,400,0.803
comp-2007-2-20,2,400,1000,10,40,0.2702,greedy-input,64,2845,0,38,0,1,17,0,8,1454,683,708,35,1168,2713,400,17.374
comp-2007-2-20,2,400,1000,10,40,0.2702,greedy-random,92,2842,0,48,6,0,23,0,15,1401,762,679,48,1666,2617,400,17.936
comp-2007-2-20,2,400,1000,10,40,0.2702,greedy-largest-degree,28,2705,0,9,2,0,10,0,7,1270,821,614,22,722,2668,400,13.900
comp-2007-2-20,2,400,1000,10,40,0.2702,greedy-dsatur,21,2340,0,4,2,0,7,0,8,1093,636,611,19,631,2314,400,15.641
comp-2007-2-20,2,400,1000,10,40,0.2702,descent(greedy-dsatur),9,1809,0,1,2,0,1,0,5,919,410,480,9,278,1831,1000000,9003.860
comp-2007-2-20,2,400,1000,10,40,0.2702,sa(greedy-dsatur),3,1766,0,0,1,0,1,0,1,808,459,499,3,114,1771,1000000,8910.872
comp-2007-2-20,3,400,1000,10,40,0.2702,random,2086,4137,0,1903,161,0,0,0,22,2634,507,996,64,2106,2489,400,0.374
comp-2007-2-20,3,400,1000,10,40,0.2702,greedy-input,64,2845,0,38,0,1,17,0,8,1454,683,708,35,1168,2713,400,19.255
comp-2007-2-20,3,400,1000,10,40,0.2702,greedy-random,91,2608,0,55,3,0,23,0,10,1346,613,649,47,1623,2425,400,16.523
comp-2007-2-20,3,400,1000,10,40,0.2702,greedy-largest-degree,33,2920,0,12,0,0,12,0,9,1535,716,669,28,911,2885,400,18.592
comp-2007-2-20,3,400,1000,10,40,0.2702,greedy-dsatur,24,2326,0,5,0,0,11,0,8,1061,679,586,22,717,2337,400,20.359
comp-2007-2-20,3,400,1000,10,40,0.2702,descent(greedy-dsatur),10,1896,0,3,3,0,0,0,4,1026,382,488,10,329,1948,1000000,8957.461
comp-2007-2-20,3,400,1000,10,40,0.2702,sa(greedy-dsatur),3,1875,0,1,1,0,0,1,0,960,433,482,3,105,1872,1000000,9892.159
comp-2007-2-20,4,400,1000,10,40,0.2702,random,1966,3779,0,1804,143,0,0,0,19,2259,472,1048,60,2036,2351,400,0.823
comp-2007-2-20,4,400,1000,10,40,0.2702,greedy-input,64,2845,0,38,0,1,17,0,8,1454,683,708,35,1168,2713,400,19.118
comp-2007-2-20,4,400,1000,10,40,0.2702,greedy-random,102,2560,0,67,2,2,24,0,7,1315,613,632,51,1825,2405,400,15.241
comp-2007-2-20,4,400,1000,10,40,0.2702,greedy-largest-degree,44,2502,0,15,1,0,17,0,11,1134,727,641,28,917,2615,400,16.213
comp-2007-2-20,4,400,1000,10,40,0.2702,greedy-dsatur,29,2453,0,9,1,0,14,0,5,1140,688,625,24,782,2539,400,16.890
comp-2007-2-20,4,400,1000,10,40,0.2702,descent(greedy-dsatur),13,2047,0,5,4,0,1,0,3,1056,522,469,11,374,2056,1000000,10185.597
comp-2007-2-20,4,400,1000,10,40,0.2702,sa(greedy-dsatur),3,1843,0,1,0,0,1,0,1,882,504,457,3,103,1845,1000000,9966.986
comp-2007-2-20,5,400,1000,10,40,0.2702,random,2037,4237,0,1864,155,0,0,0,18,2879,386,972,56,1867,2428,400,0.409
comp-2007-2-20,5,400,1000,10,40,0.2702,greedy-input,64,2845,0,38,0,1,17,0,8,1454,683,708,35,1168,2713,400,12.787
comp-2007-2-20,5,400,1000,10,40,0.2702,greedy-random,80,2610,0,52,3,0,11,0,14,1391,567,652,40,1400,2538,400,18.994
comp-2007-2-20,5,400,1000,10,40,0.2702,greedy-largest-degree,40,2718,0,14,2,0,14,0,10,1309,758,651,27,888,2721,400,17.799
comp-2007-2-20,5,400,1000,10,40,0.2702,greedy-dsatur,26,2460,0,5,3,0,10,0,8,1235,660,565,17,548,2570,400,19.782
comp-2007-2-20,5,400,1000,10,40,0.2702,descent(greedy-dsatur),8,2145,0,2,2,0,1,0,3,1073,566,506,7,247,2187,1000000,9723.523
comp-2007-2-20,5,400,1000,10,40,0.2702,sa(greedy-dsatur),4,1996,0,1,2,0,0,0,1,1002,476,518,4,128,2004,1000000,9390.231
comp-2007-2-20,6,400,1000,10,40,0.2702,random,1969,4552,0,1793,158,0,0,0,18,3102,468,982,59,1987,2569,400,0.383
comp-2007-2-20,6,400,1000,10,40,0.2702,greedy-input,64,2845,0,38,0,1,17,0,8,1454,683,708,35,1168,2713,400,26.430
comp-2007-2-20,6,400,1000,10,40,0.2702,greedy-random,79,2730,0,46,8,0,17,0,8,1328,692,710,44,1540,2651,400,16.793
comp-2007-2-20,6,400,1000,10,40,0.2702,greedy-largest-degree,37,2829,0,13,3,0,17,0,4,1389,754,686,26,855,2886,400,21.219
comp-2007-2-20,6,400,1000,10,40,0.2702,greedy-dsatur,38,2418,0,14,1,0,16,0,7,1161,657,600,26,833,2518,400,20.216
comp-2007-2-20,6,400,1000,10,40,0.2702,descent(greedy-dsatur),10,2083,0,2,3,0,3,0,2,1117,506,460,10,356,2131,1000000,8830.946
comp-2007-2-20,6,400,1000,10,40,0.2702,sa(greedy-dsatur),6,1955,0,1,2,0,1,0,2,1014,444,497,6,196,1944,1000000,8637.329
comp-2007-2-20,7,400,1000,10,40,0.2702,random,1984,3813,0,1812,151,0,0,0,21,2398,427,988,50,1687,2362,400,0.351
comp-2007-2-20,7,400,1000,10,40,0.2702,greedy-input,64,2845,0,38,0,1,17,0,8,1454,683,708,35,1168,2713,400,18.130
comp-2007-2-20,7,400,1000,10,40,0.2702,greedy-random,84,2757,0,46,7,0,23,0,8,1293,779,685,43,1492,2467,400,11.914
comp-2007-2-20,7,400,1000,10,40,0.2702,greedy-largest-degree,36,2726,0,13,1,0,13,0,9,1347,685,694,28,939,2766,400,16.320
comp-2007-2-20,7,400,1000,10,40,0.2702,greedy-dsatur,27,2424,0,7,1,0,13,0,6,1079,721,624,22,742,2452,400,22.421
comp-2007-2-20,7,400,1000,10,40,0.2702,descent(greedy-dsatur),8,2139,0,3,2,0,1,0,2,1177,473,489,7,250,2087,1000000,8913.605
comp-2007-2-20,7,400,1000,10,40,0.2702,sa(greedy-dsatur),12,2098,0,3,4,0,2,1,2,1089,483,526,8,281,2123,1000000,8800.082
comp-2007-2-20,8,400,1000,10,40,0.2702,random,2132,3646,0,1946,162,0,0,0,24,2319,362,965,53,1776,2404,400,0.367
comp-2007-2-20,8,400,1000,10,40,0.2702,greedy-input,64,2845,0,38,0,1,17,0,8,1454,683,708,35,1168,2713,400,15.406
comp-2007-2-20,8,400,1000,10,40,0.2702,greedy-random,90,2875,0,52,2,1,18,0,17,1541,659,675,51,1771,2698,400,27.235
comp-2007-2-20,8,400,1000,10,40,0.2702,greedy-largest-degree,36,2743,0,11,0,1,13,0,11,1377,741,625,28,899,2880,400,17.402
comp-2007-2-20,8,400,1000,10,40,0.2702,greedy-dsatur,26,2460,0,5,3,0,10,0,8,1235,660,565,17,548,2570,400,16.383
comp-2007-2-20,8,400,1000,10,40,0.2702,descent(greedy-dsatur),6,2003,0,1,2,0,1,0,2,1012,470,521,6,201,2028,1000000,9026.619
comp-2007-2-20,8,400,1000,10,40,0.2702,sa(greedy-dsatur),6,1797,0,0,2,0,2,0,2,834,444,519,6,200,1820,1000000,9903.821
comp-2007-2-20,9,400,1000,10,40,0.2702,random,1936,3977,0,1755,156,0,0,0,25,2663,410,904,57,1829,2383,400,0.433
comp-2007-2-20,9,400,1000,10,40,0.2702,greedy-input,64,2845,0,38,0,1,17,0,8,1454,683,708,35,1168,2713,400,30.017
comp-2007-2-20,9,400,1000,10,40,0.2702,greedy-random,92,2749,0,60,1,0,21,0,10,1460,642,647,45,1580,2560,400,12.109
comp-2007-2-20,9,400,1000,10,40,0.2702,greedy-largest-degree,42,2561,0,19,0,0,14,0,9,1194,720,647,33,1095,2593,400,22.237
comp-2007-2-20,9,400,1000,10,40,0.2702,greedy-dsatur,38,2418,0,14,1,0,16,0,7,1161,657,600,26,833,2518,400,19.782
comp-2007-2-20,9,400,1000,10,40,0.2702,descent(greedy-dsatur),11,2134,0,4,4,0,1,0,2,1114,486,534,11,371,2167,1000000,9965.354
comp-2007-2-20,9,400,1000,10,40,0.2702,sa(greedy-dsatur),3,1854,0,0,1,0,1,0,1,912,447,495,3,107,1860,1000000,9039.589
comp-2007-2-20,10,400,1000,10,40,0.2702,random,1984,4166,0,1804,164,0,0,0,16,2741,459,966,60,1961,2370,400,0.706
comp-2007-2-20,10,400,1000,10,40,0.2702,greedy-input,64,2845,0,38,0,1,17,0,8,1454,683,708,35,1168,2713,400,16.638
comp-2007-2-20,10,400,1000,10,40,0.2702,greedy-random,92,2697,0,51,4,1,23,0,13,1376,642,679,48,1692,2580,400,19.206
comp-2007-2-20,10,400,1000,10,40,0.2702,greedy-largest-degree,40,2625,0,14,1,1,17,0,7,1291,688,646,27,876,2750,400,15.297
comp-2007-2-20,10,400,1000,10,40,0.2702,greedy-dsatur,28,2445,0,7,1,0,11,0,9,1124,697,624,19,604,2562,400,15.851
comp-2007-2-20,10,400,1000,10,40,0.2702,descent(greedy-dsatur),7,1934,0,2,4,0,0,0,1,924,479,531,6,206,1951,1000000,10547.874
comp-2007-2-20,10,400,1000,10,40,0.2702,sa(greedy-dsatur),6,2075,0,1,3,0,1,0,1,979,565,531,6,204,2068,1000000,9446.969
comp-2007-2-21,1,500,300,20,147,0.2259,random,1428,1781,0,1222,138,0,0,0,68,1243,435,103,89,1054,1014,500,0.933
comp-2007-2-21,1,500,300,20,147,0.2259,greedy-input,174,1507,0,106,0,0,31,0,37,670,805,32,81,978,1168,500,12.546
comp-2007-2-21,1,500,300,20,147,0.2259,greedy-random,155,1531,0,95,0,0,19,0,41,658,839,34,82,969,1210,500,12.608
comp-2007-2-21,1,500,300,20,147,0.2259,greedy-largest-degree,111,1443,0,49,0,0,31,0,31,668,756,19,70,781,1230,500,11.376
comp-2007-2-21,1,500,300,20,147,0.2259,greedy-dsatur,78,1342,0,22,0,0,26,0,30,517,797,28,53,570,1168,500,13.248
comp-2007-2-21,1,500,300,20,147,0.2259,descent(greedy-dsatur),43,1281,0,14,0,0,6,1,22,545,720,16,36,403,1187,1000000,5064.006
comp-2007-2-21,1,500,300,20,147,0.2259,sa(greedy-dsatur),31,1314,0,9,0,0,8,2,12,567,729,18,26,296,1237,1000000,4324.551
comp-2007-2-21,2,500,300,20,147,0.2259,random,1480,1777,0,1268,135,0,0,0,77,1289,388,100,83,905,1106,500,0.297
comp-2007-2-21,2,500,300,20,147,0.2259,greedy-input,174,1507,0,106,0,0,31,0,37,670,805,32,81,978,1168,500,11.938
comp-2007-2-21,2,500,300,20,147,0.2259,greedy-random,169,1408,0,101,0,0,27,0,41,649,735,24,77,951,1124,500,48.494
comp-2007-2-21,2,500,300,20,147,0.2259,greedy-largest-degree,120,1461,0,49,0,0,29,0,42,686,756,19,71,795,1197,500,24.505
comp-2007-2-21,2,500,300,20,147,0.2259,greedy-dsatur,79,1348,0,26,0,0,24,0,29,581,744,23,56,655,1212,500,17.676
comp-2007-2-21,2,500,300,20,147,0.2259,descent(greedy-dsatur),37,1309,0,15,0,0,7,1,14,616,680,13,32,398,1203,1000000,5112.459
comp-2007-2-21,2,500,300,20,147,0.2259,sa(greedy-dsatur),31,1350,0,13,0,0,5,0,13,656,675,19,28,341,1247,1000000,4606.614
comp-2007-2-21,3,500,300,20,147,0.2259,random,1471,1725,0,1239,157,0,0,0,75,1153,468,104,94,1100,1047,500,0.277
comp-2007-2-21,3,500,300,20,147,0.2259,greedy-input,174,1507,0,106,0,0,31,0,37,670,805,32,81,978,1168,500,8.783
comp-2007-2-21,3,500,300,20,147,0.2259,greedy-random,148,1464,0,95,0,0,28,0,25,674,761,29,77,976,1090,500,13.367
comp-2007-2-21,3,500,300,20,147,0.2259,greedy-largest-degree,117,1428,0,54,0,0,27,0,36,672,735,21,70,797,1212,500,12.449
comp-2007-2-21,3,500,300,20,147,0.2259,greedy-dsatur,87,1329,0,29,0,0,24,0,34,548,766,15,64,707,1086,500,14.926
comp-2007-2-21,3,500,300,20,147,0.2259,descent(greedy-dsatur),42,1296,0,14,0,0,3,0,25,557,723,16,32,392,1174,1000000,4621.135
comp-2007-2-21,3,500,300,20,147,0.2259,sa(greedy-dsatur),37,1291,0,12,0,0,6,2,17,603,675,13,33,395,1155,1000000,4463.615
comp-2007-2-21,4,500,300,20,147,0.2259,random,1494,1729,0,1283,144,0,0,0,67,1231,382,116,91,1033,1128,500,0.304
comp-2007-2-21,4,500,300,20,147,0.2259,greedy-input,174,1507,0,106,0,0,31,0,37,670,805,32,81,978,1168,500,17.528
comp-2007-2-21,4,500,300,20,147,0.2259,greedy-random,176,1367,0,109,0,0,22,0,45,654,697,16,80,943,1140,500,10.908
comp-2007-2-21,4,500,300,20,147,0.2259,greedy-largest-degree,113,1418,0,54,0,0,28,0,31,663,729,26,72,813,1198,500,11.301
comp-2007-2-21,4,500,300,20,147,0.2259,greedy-dsatur,81,1380,0,24,0,0,24,0,33,623,732,25,56,660,1204,500,14.476
comp-2007-2-21,4,500,300,20,147,0.2259,descent(greedy-dsatur),28,1326,0,10,0,0,3,0,15,661,653,12,25,284,1236,1000000,4736.304
comp-2007-2-21,4,500,300,20,147,0.2259,sa(greedy-dsatur),33,1266,0,12,0,0,5,0,16,632,622,12,26,318,1172,1000000,4334.737
comp-2007-2-21,5,500,300,20,147,0.2259,random,1501,1699,0,1293,128,0,0,0,80,1241,365,93,89,1025,1118,500,0.251
comp-2007-2-21,5,500,300,20,147,0.2259,greedy-input,174,1507,0,106,0,0,31,0,37,670,805,32,81,978,1168,500,12.481
comp-2007-2-21,5,500,300,20,147,0.2259,greedy-random,164,1484,0,103,0,0,27,0,34,672,787,25,81,973,1141,500,8.281
comp-2007-2-21,5,500,300,20,147,0.2259,greedy-largest-degree,129,1533,0,59,0,0,28,0,42,651,853,29,79,874,1228,500,14.330
comp-2007-2-21,5,500,300,20,147,0.2259,greedy-dsatur,97,1271,0,28,0,0,31,0,38,544,707,20,66,724,1086,500,15.788
comp-2007-2-21,5,500,300,20,147,0.2259,descent(greedy-dsatur),48,1294,0,19,0,0,5,0,24,591,685,18,43,444,1132,1000000,4342.366
comp-2007-2-21,5,500,300,20,147,0.2259,sa(greedy-dsatur),37,1249,0,11,0,0,9,0,17,525,710,14,33,390,1057,1000000,4247.093
comp-2007-2-21,6,500,300,20,147,0.2259,random,1497,1708,0,1278,143,0,0,0,76,1217,395,96,106,1182,999,500,0.253
comp-2007-2-21,6,500,300,20,147,0.2259,greedy-input,174,1507,0,106,0,0,31,0,37,670,805,32,81,978,1168,500,11.586
comp-2007-2-21,6,500,300,20,147,0.2259,greedy-random,143,1448,0,83,0,0,24,0,36,707,708,33,69,815,1192,500,12.042
comp-2007-2-21,6,500,300,20,147,0.2259,greedy-largest-degree,116,1430,0,50,0,0,33,0,33,693,719,18,70,767,1192,500,13.268
comp-2007-2-21,6,500,300,20,147,0.2259,greedy-dsatur,83,1413,0,29,0,0,24,0,30,643,741,29,58,691,1243,500,11.817
comp-2007-2-21,6,500,300,20,147,0.2259,descent(greedy-dsatur),27,1310,0,9,0,0,5,0,13,606,685,19,25,301,1195,1000000,4317.537
comp-2007-2-21,6,500,300,20,147,0.2259,sa(greedy-dsatur),28,1314,0,9,0,0,4,0,15,612,687,15,25,291,1222,1000000,4183.022
comp-2007-2-21,7,500,300,20,147,0.2259,random,1579,1728,0,1355,149,0,0,0,75,1206,411,111,95,1073,1066,500,0.390
comp-2007-2-21,7,500,300,20,147,0.2259,greedy-input,174,1507,0,106,0,0,31,0,37,670,805,32,81,978,1168,500,12.018
comp-2007-2-21,7,500,300,20,147,0.2259,greedy-random,162,1497,0,96,0,0,28,0,38,652,803,42,80,975,1228,500,16.797
comp-2007-2-21,7,500,300,20,147,0.2259,greedy-largest-degree,113,1521,0,49,0,0,30,0,34,681,815,25,67,730,1302,500,9.657
comp-2007-2-21,7,500,300,20,147,0.2259,greedy-dsatur,81,1348,0,34,0,0,26,0,21,585,744,19,57,599,1224,500,15.158
comp-2007-2-21,7,500,300,20,147,0.2259,descent(greedy-dsatur),39,1337,0,12,0,0,9,1,17,636,677,24,36,410,1178,1000000,4337.649
comp-2007-2-21,7,500,300,20,147,0.2259,sa(greedy-dsatur),28,1355,0,11,0,0,6,0,11,619,719,17,24,280,1250,1000000,4243.701
comp-2007-2-21,8,500,300,20,147,0.2259,random,1438,1754,0,1233,131,0,0,0,74,1241,422,91,91,1043,1080,500,0.272
comp-2007-2-21,8,500,300,20,147,0.2259,greedy-input,174,1507,0,106,0,0,31,0,37,670,805,32,81,978,1168,500,11.779
comp-2007-2-21,8,500,300,20,147,0.2259,greedy-random,155,1420,0,95,0,0,25,0,35,660,733,27,84,1034,1080,500,12.038
comp-2007-2-21,8,500,300,20,147,0.2259,greedy-largest-degree,126,1558,0,62,0,0,28,0,36,701,829,28,76,867,1260,500,9.284
comp-2007-2-21,8,500,300,20,147,0.2259,greedy-dsatur,78,1353,0,29,0,0,25,0,24,536,795,22,53,558,1233,500,9.267
comp-2007-2-21,8,500,300,20,147,0.2259,descent(greedy-dsatur),35,1294,0,20,0,0,4,1,10,595,679,20,30,345,1211,1000000,4492.268
comp-2007-2-21,8,500,300,20,147,0.2259,sa(greedy-dsatur),27,1296,0,12,0,0,4,0,11,595,684,17,24,278,1196,1000000,4211.985
comp-2007-2-21,9,500,300,20,147,0.2259,random,1473,1547,0,1277,121,0,0,0,75,966,470,111,95,1094,1062,500,0.486
comp-2007-2-21,9,500,300,20,147,0.2259,greedy-input,174,1507,0,106,0,0,31,0,37,670,805,32,81,978,1168,500,10.314
comp-2007-2-21,9,500,300,20,147,0.2259,greedy-random,168,1535,0,92,0,0,34,0,42,719,791,25,84,1026,1147,500,12.764
comp-2007-2-21,9,500,300,20,147,0.2259,greedy-largest-degree,118,1466,0,57,0,0,29,0,32,671,774,21,73,775,1238,500,15.877
comp-2007-2-21,9,500,300,20,147,0.2259,greedy-dsatur,81,1380,0,24,0,0,24,0,33,623,732,25,56,660,1204,500,16.906
comp-2007-2-21,9,500,300,20,147,0.2259,descent(greedy-dsatur),39,1332,0,14,0,0,5,0,20,643,671,18,32,350,1208,1000000,4369.049
comp-2007-2-21,9,500,300,20,147,0.2259,sa(greedy-dsatur),27,1276,0,11,0,0,7,0,9,596,664,16,23,285,1208,1000000,4343.540
comp-2007-2-21,10,500,300,20,147,0.2259,random,1432,1813,0,1224,134,0,0,0,74,1289,404,120,94,1111,919,500,0.260
comp-2007-2-21,10,500,300,20,147,0.2259,greedy-input,174,1507,0,106,0,0,31,0,37,670,805,32,81,978,1168,500,12.756
comp-2007-2-21,10,500,300,20,147,0.2259,greedy-random,164,1407,0,109,0,0,24,0,31,689,702,16,73,887,1128,500,12.012
comp-2007-2-21,10,500,300,20,147,0.2259,greedy-largest-degree,127,1485,0,73,0,0,25,0,29,647,808,30,75,851,1242,500,11.124
comp-2007-2-21,10,500,300,20,147,0.2259,greedy-dsatur,79,1329,0,26,0,0,24,0,29,562,743,24,55,638,1173,500,13.410
comp-2007-2-21,10,500,300,20,147,0.2259,descent(greedy-dsatur),43,1203,0,19,0,0,8,0,16,530,657,16,36,416,1090,1000000,5974.156
comp-2007-2-21,10,500,300,20,147,0.2259,sa(greedy-dsatur),28,1242,0,15,0,0,3,0,10,557,669,16,24,261,1178,1000000,4577.726
comp-2007-2-22,1,600,500,20,176,0.2531,random,2442,2817,0,2161,193,0,0,0,88,1955,699,163,170,2781,1585,600,0.575
comp-2007-2-22,1,600,500,20,176,0.2531,greedy-input,372,2538,0,265,0,0,58,0,49,1174,1315,49,145,2498,1758,600,24.796
comp-2007-2-22,1,600,500,20,176,0.2531,greedy-random,363,2490,0,265,0,0,55,0,43,1076,1368,46,146,2544,1688,600,21.175
comp-2007-2-22,1,600,500,20,176,0.2531,greedy-largest-degree,286,2603,0,182,0,0,47,0,57,1278,1287,38,133,2173,1807,600,22.991
comp-2007-2-22,1,600,500,20,176,0.2531,greedy-dsatur,255,2485,0,137,0,0,67,0,51,1097,1339,49,126,2173,1783,600,19.738
comp-2007-2-22,1,600,500,20,176,0.2531,descent(greedy-dsatur),161,2494,0,97,0,0,24,4,36,1107,1351,36,99,1661,1948,1000000,6601.166
comp-2007-2-22,1,600,500,20,176,0.2531,sa(greedy-dsatur),144,2492,0,89,0,0,26,0,29,1083,1372,37,99,1714,1980,1000000,7213.005
comp-2007-2-22,2,600,500,20,176,0.2531,random,2394,2776,0,2100,196,0,0,0,98,1807,782,187,153,2577,1668,600,0.584
comp-2007-2-22,2,600,500,20,176,0.2531,greedy-input,372,2538,0,265,0,0,58,0,49,1174,1315,49,145,2498,1758,600,21.052
comp-2007-2-22,2,600,500,20,176,0.2531,greedy-random,358,2535,0,267,0,0,46,0,45,1161,1308,66,142,2478,1813,600,20.891
comp-2007-2-22,2,600,500,20,176,0.2531,greedy-largest-degree,282,2498,0,186,0,0,54,0,42,1202,1261,35,140,2338,1813,600,19.967
comp-2007-2-22,2,600,500,20,176,0.2531,greedy-dsatur,270,2553,0,155,0,0,64,0,51,1084,1417,52,130,2097,1877,600,22.874
comp-2007-2-22,2,600,500,20,176,0.2531,descent(greedy-dsatur),170,2511,0,101,0,0,32,2,35,1132,1345,34,108,1812,1908,1000000,6545.350
comp-2007-2-22,2,600,500,20,176,0.2531,sa(greedy-dsatur),159,2492,0,98,0,0,28,2,31,1075,1383,34,107,1767,1986,1000000,6308.521
comp-2007-2-22,3,600,500,20,176,0.2531,random,2432,3197,0,2140,211,0,0,0,81,2331,685,181,161,2692,1551,600,0.987
comp-2007-2-22,3,600,500,20,176,0.2531,greedy-input,372,2538,0,265,0,0,58,0,49,1174,1315,49,145,2498,1758,600,19.713
comp-2007-2-22,3,600,500,20,176,0.2531,greedy-random,363,2496,0,261,0,0,52,0,50,1144,1305,47,147,2587,1719,600,20.032
comp-2007-2-22,3,600,500,20,176,0.2531,greedy-largest-degree,286,2522,0,182,0,0,52,0,52,1164,1320,38,146,2373,1868,600,16.231
comp-2007-2-22,3,600,500,20,176,0.2531,greedy-dsatur,249,2541,0,132,0,0,67,0,50,1136,1347,58,133,2260,1837,600,23.273
comp-2007-2-22,3,600,500,20,176,0.2531,descent(greedy-dsatur),174,2427,0,104,0,0,28,2,40,1110,1277,40,113,1900,1891,1000000,6466.899
comp-2007-2-22,3,600,500,20,176,0.2531,sa(greedy-dsatur),171,2464,0,100,0,0,26,3,42,1118,1303,43,114,1855,1917,1000000,5908.674
comp-2007-2-22,4,600,500,20,176,0.2531,random,2284,3099,0,2028,177,0,0,0,79,2201,733,165,158,2643,1754,600,0.404
comp-2007-2-22,4,600,500,20,176,0.2531,greedy-input,372,2538,0,265,0,0,58,0,49,1174,1315,49,145,2498,1758,600,17.494
comp-2007-2-22,4,600,500,20,176,0.2531,greedy-random,389,2643,0,288,0,0,59,0,42,1217,1370,56,140,2385,1799,600,18.571
comp-2007-2-22,4,600,500,20,176,0.2531,greedy-largest-degree,300,2596,0,180,0,0,67,0,53,1278,1279,39,132,2159,1948,600,23.089
comp-2007-2-22,4,600,500,20,176,0.2531,greedy-dsatur,241,2593,0,126,0,0,65,0,50,1123,1414,56,128,2217,1851,600,25.744
comp-2007-2-22,4,600,500,20,176,0.2531,descent(greedy-dsatur),167,2518,0,102,0,0,21,4,40,1167,1313,38,106,1831,2000,1000000,5946.979
comp-2007-2-22,4,600,500,20,176,0.2531,sa(greedy-dsatur),170,2505,0,105,0,0,25,3,37,1129,1345,31,100,1756,2040,1000000,6068.398
comp-2007-2-22,5,600,500,20,176,0.2531,random,2388,2824,0,2103,197,0,0,0,88,1982,674,168,143,2352,1728,600,0.431
comp-2007-2-22,5,600,500,20,176,0.2531,greedy-input,372,2538,0,265,0,0,58,0,49,1174,1315,49,145,2498,1758,600,14.801
comp-2007-2-22,5,600,500,20,176,0.2531,greedy-random,354,2566,0,258,0,0,47,0,49,1163,1356,47,146,2561,1795,600,26.184
comp-2007-2-22,5,600,500,20,176,0.2531,greedy-largest-degree,309,2582,0,193,0,0,63,0,53,1252,1286,44,145,2351,1865,600,24.144
comp-2007-2-22,5,600,500,20,176,0.2531,greedy-dsatur,250,2541,0,132,0,0,68,0,50,1136,1347,58,134,2281,1835,600,16.317
comp-2007-2-22,5,600,500,20,176,0.2531,descent(greedy-dsatur),174,2426,0,108,0,0,26,1,39,1108,1283,35,112,1817,1955,1000000,6133.558
comp-2007-2-22,5,600,500,20,176,0.2531,sa(greedy-dsatur),165,2410,0,96,0,0,29,2,38,1118,1250,42,103,1745,1878,1000000,6159.864
comp-2007-2-22,6,600,500,20,176,0.2531,random,2448,2978,0,2200,174,0,0,0,74,2056,747,175,154,2609,1697,600,0.445
comp-2007-2-22,6,600,500,20,176,0.2531,greedy-input,372,2538,0,265,0,0,58,0,49,1174,1315,49,145,2498,1758,600,17.448
comp-2007-2-22,6,600,500,20,176,0.2531,greedy-random,361,2532,0,259,0,0,54,0,48,1224,1258,50,149,2581,1687,600,16.182
comp-2007-2-22,6,600,500,20,176,0.2531,greedy-largest-degree,287,2657,0,179,0,0,55,0,53,1285,1309,63,139,2264,1862,600,20.107
comp-2007-2-22,6,600,500,20,176,0.2531,greedy-dsatur,251,2586,0,142,0,0,61,0,48,1140,1413,33,124,2097,2003,600,25.760
comp-2007-2-22,6,600,500,20,176,0.2531,descent(greedy-dsatur),175,2488,0,114,0,0,25,2,34,1152,1300,36,103,1748,2065,1000000,6105.464
comp-2007-2-22,6,600,500,20,176,0.2531,sa(greedy-dsatur),162,2508,0,101,0,0,26,1,34,1160,1320,28,102,1697,2018,1000000,5840.338
comp-2007-2-22,7,600,500,20,176,0.2531,random,2412,3074,0,2147,184,0,0,0,81,2171,752,151,160,2602,1546,600,0.419
comp-2007-2-22,7,600,500,20,176,0.2531,greedy-input,372,2538,0,265,0,0,58,0,49,1174,1315,49,145,2498,1758,600,17.665
comp-2007-2-22,7,600,500,20,176,0.2531,greedy-random,328,2551,0,232,0,0,47,0,49,1151,1342,58,135,2367,1797,600,21.558
comp-2007-2-22,7,600,500,20,176,0.2531,greedy-largest-degree,290,2560,0,188,0,0,60,0,42,1191,1330,39,133,2225,1823,600,19.382
comp-2007-2-22,7,600,500,20,176,0.2531,greedy-dsatur,255,2485,0,137,0,0,67,0,51,1097,1339,49,126,2173,1783,600,15.218
comp-2007-2-22,7,600,500,20,176,0.2531,descent(greedy-dsatur),154,2455,0,86,0,0,28,2,38,1100,1321,34,104,1761,1965,1000000,7784.225
comp-2007-2-22,7,600,500,20,176,0.2531,sa(greedy-dsatur),148,2443,0,80,0,0,32,2,34,1089,1313,41,101,1792,1921,1000000,6373.723
comp-2007-2-22,8,600,500,20,176,0.2531,random,2350,2962,0,2085,180,0,0,0,85,1942,843,177,158,2560,1708,600,1.141
comp-2007-2-22,8,600,500,20,176,0.2531,greedy-input,372,2538,0,265,0,0,58,0,49,1174,1315,49,145,2498,1758,600,17.858
comp-2007-2-22,8,600,500,20,176,0.2531,greedy-random,359,2586,0,254,0,0,66,0,39,1198,1341,47,153,2699,1678,600,20.406
comp-2007-2-22,8,600,500,20,176,0.2531,greedy-largest-degree,303,2588,0,193,0,0,63,0,47,1179,1373,36,138,2300,1854,600,15.219
comp-2007-2-22,8,600,500,20,176,0.2531,greedy-dsatur,257,2521,0,137,0,0,68,0,52,1121,1349,51,132,2254,1857,600,21.019
comp-2007-2-22,8,600,500,20,176,0.2531,descent(greedy-dsatur),184,2455,0,110,0,0,36,3,35,1183,1236,36,108,1798,2023,1000000,6223.019
comp-2007-2-22,8,600,500,20,176,0.2531,sa(greedy-dsatur),159,2424,0,88,0,0,32,4,35,1117,1274,33,110,1891,1825,1000000,6967.063
comp-2007-2-22,9,600,500,20,176,0.2531,random,2332,2982,0,2066,184,0,0,0,82,2192,630,160,155,2566,1669,600,0.455
comp-2007-2-22,9,600,500,20,176,0.2531,greedy-input,372,2538,0,265,0,0,58,0,49,1174,1315,49,145,2498,1758,600,16.593
comp-2007-2-22,9,600,500,20,176,0.2531,greedy-random,336,2576,0,239,0,0,49,0,48,1164,1363,49,138,2418,1779,600,17.866
comp-2007-2-22,9,600,500,20,176,0.2531,greedy-largest-degree,309,2687,0,179,0,0,60,0,70,1222,1419,46,151,2476,1884,600,23.429
comp-2007-2-22,9,600,500,20,176,0.2531,greedy-dsatur,255,2610,0,137,0,0,66,0,52,1087,1470,53,130,2167,1905,600,26.172
comp-2007-2-22,9,600,500,20,176,0.2531,descent(greedy-dsatur),156,2463,0,98,0,0,20,2,36,1098,1326,39,108,1781,1908,1000000,7090.133
comp-2007-2-22,9,600,500,20,176,0.2531,sa(greedy-dsatur),164,2468,0,98,0,0,26,3,37,1062,1373,33,109,1831,1925,1000000,6195.588
comp-2007-2-22,10,600,500,20,176,0.2531,random,2302,2802,0,2039,185,0,0,0,78,1880,759,163,159,2640,1634,600,0.460
comp-2007-2-22,10,600,500,20,176,0.2531,greedy-input,372,2538,0,265,0,0,58,0,49,1174,1315,49,145,2498,1758,600,13.730
comp-2007-2-22,10,600,500,20,176,0.2531,greedy-random,363,2577,0,263,0,0,53,0,47,1239,1309,29,144,2558,1734,600,16.889
comp-2007-2-22,10,600,500,20,176,0.2531,greedy-largest-degree,313,2568,0,195,0,0,65,0,53,1185,1333,50,137,2291,1899,600,19.577
comp-2007-2-22,10,600,500,20,176,0.2531,greedy-dsatur,246,2635,0,139,0,0,64,0,43,1157,1442,36,121,2045,1955,600,20.299
comp-2007-2-22,10,600,500,20,176,0.2531,descent(greedy-dsatur),154,2538,0,92,0,0,28,0,34,1158,1351,29,100,1701,1938,1000000,6323.480
comp-2007-2-22,10,600,500,20,176,0.2531,sa(greedy-dsatur),146,2512,0,89,0,0,28,1,28,1085,1389,38,98,1665,2001,1000000,7074.161
comp-2007-2-23,1,400,1000,20,41,0.4291,random,4275,5229,0,4165,91,0,0,0,19,3395,1539,295,104,5984,2824,400,0.759
comp-2007-2-23,1,400,1000,20,41,0.4291,greedy-input,395,5362,0,350,0,0,30,0,15,2274,3007,81,91,5163,3322,400,38.802
comp-2007-2-23,1,400,1000,20,41,0.4291,greedy-random,367,5483,0,334,0,1,19,0,13,2008,3383,92,79,4432,3593,400,40.626
comp-2007-2-23,1,400,1000,20,41,0.4291,greedy-largest-degree,300,5238,0,255,0,2,27,0,16,2411,2790,37,83,4563,3468,400,37.787
comp-2007-2-23,1,400,1000,20,41,0.4291,greedy-dsatur,249,5254,0,214,0,2,21,0,12,2175,2998,81,81,4563,3611,400,45.798
comp-2007-2-23,1,400,1000,20,41,0.4291,descent(greedy-dsatur),109,5267,0,92,0,0,5,2,10,2268,2918,81,55,3024,4061,1000000,17220.604
comp-2007-2-23,1,400,1000,20,41,0.4291,sa(greedy-dsatur),107,5196,0,90,0,0,7,1,9,2275,2855,66,58,3256,4028,1000000,17262.122
comp-2007-2-23,2,400,1000,20,41,0.4291,random,4043,5093,0,3923,93,0,0,0,27,3155,1676,262,105,5991,2953,400,0.764
comp-2007-2-23,2,400,1000,20,41,0.4291,greedy-input,395,5362,0,350,0,0,30,0,15,2274,3007,81,91,5163,3322,400,36.158
comp-2007-2-23,2,400,1000,20,41,0.4291,greedy-random,399,5320,0,370,0,1,19,0,9,2306,2938,76,86,5074,3408,400,49.212
comp-2007-2-23,2,400,1000,20,41,0.4291,greedy-largest-degree,271,5480,0,238,0,1,18,0,14,2286,3115,79,76,4141,3622,400,45.998
comp-2007-2-23,2,400,1000,20,41,0.4291,greedy-dsatur,275,5413,0,238,0,1,21,0,15,2503,2838,72,76,4458,3785,400,43.624
comp-2007-2-23,2,400,1000,20,41,0.4291,descent(greedy-dsatur),162,5031,0,135,0,0,10,3,14,2195,2777,59,65,3764,3931,1000000,17867.673
comp-2007-2-23,2,400,1000,20,41,0.4291,sa(greedy-dsatur),111,5317,0,87,0,0,7,4,13,2430,2814,73,62,3499,4171,1000000,15430.012
comp-2007-2-23,3,400,1000,20,41,0.4291,random,4400,4571,0,4294,82,0,0,0,24,2509,1734,328,109,5790,3025,400,0.846
comp-2007-2-23,3,400,1000,20,41,0.4291,greedy-input,395,5362,0,350,0,0,30,0,15,2274,3007,81,91,5163,3322,400,34.694
comp-2007-2-23,3,400,1000,20,41,0.4291,greedy-random,441,5376,0,411,0,1,17,0,12,2374,2906,96,88,4866,3778,400,37.216
comp-2007-2-23,3,400,1000,20,41,0.4291,greedy-largest-degree,313,5243,0,275,0,0,23,0,15,2396,2781,66,86,4748,3570,400,32.310
comp-2007-2-23,3,400,1000,20,41,0.4291,greedy-dsatur,315,5488,0,280,0,0,24,0,11,2191,3237,60,91,5014,3471,400,31.012
comp-2007-2-23,3,400,1000,20,41,0.4291,descent(greedy-dsatur),174,4775,0,149,0,0,13,4,8,1963,2744,68,74,4283,3609,1000000,14447.327
comp-2007-2-23,3,400,1000,20,41,0.4291,sa(greedy-dsatur),108,4433,0,86,0,0,10,4,8,1895,2520,18,59,3256,3471,1000000,14657.165
comp-2007-2-23,4,400,1000,20,41,0.4291,random,4484,5093,0,4368,96,0,0,0,20,2855,1889,349,113,6144,3260,400,0.893
comp-2007-2-23,4,400,1000,20,41,0.4291,greedy-input,395,5362,0,350,0,0,30,0,15,2274,3007,81,91,5163,3322,400,34.193
comp-2007-2-23,4,400,1000,20,41,0.4291,greedy-random,413,5511,0,375,0,1,22,0,15,2412,3017,82,96,5369,3362,400,35.511
comp-2007-2-23,4,400,1000,20,41,0.4291,greedy-largest-degree,254,5248,0,216,0,1,27,0,10,2135,3050,63,78,4283,3813,400,30.989
comp-2007-2-23,4,400,1000,20,41,0.4291,greedy-dsatur,342,5559,0,303,0,1,28,0,10,2314,3168,77,87,4759,3438,400,46.917
comp-2007-2-23,4,400,1000,20,41,0.4291,descent(greedy-dsatur),128,4975,0,102,0,0,11,8,7,2205,2717,53,61,3372,3885,1000000,14145.291
comp-2007-2-23,4,400,1000,20,41,0.4291,sa(greedy-dsatur),154,5227,0,128,0,0,11,5,10,2102,3066,59,70,3867,3754,1000000,13282.008
comp-2007-2-23,5,400,1000,20,41,0.4291,random,4265,4841,0,4156,91,0,0,0,18,2769,1752,320,108,6105,3062,400,0.778
comp-2007-2-23,5,400,1000,20,41,0.4291,greedy-input,395,5362,0,350,0,0,30,0,15,2274,3007,81,91,5163,3322,400,30.363
comp-2007-2-23,5,400,1000,20,41,0.4291,greedy-random,510,5712,0,465,0,1,32,0,12,2530,3072,110,97,5638,3497,400,30.564
comp-2007-2-23,5,400,1000,20,41,0.4291,greedy-largest-degree,306,5187,0,262,0,1,29,0,14,2389,2739,59,83,4677,3360,400,32.674
comp-2007-2-23,5,400,1000,20,41,0.4291,greedy-dsatur,271,5647,0,230,0,1,23,0,17,2433,3108,106,88,4831,3829,400,30.237
comp-2007-2-23,5,400,1000,20,41,0.4291,descent(greedy-dsatur),180,5292,0,147,0,0,17,4,12,2200,2987,105,76,4289,3804,1000000,13722.773
comp-2007-2-23,5,400,1000,20,41,0.4291,sa(greedy-dsatur),180,5062,0,143,0,0,17,2,18,2152,2828,82,83,4508,3466,1000000,13498.186
comp-2007-2-23,6,400,1000,20,41,0.4291,random,4233,5529,0,4114,94,0,0,0,25,3364,1813,352,104,5733,2892,400,0.764
comp-2007-2-23,6,400,1000,20,41,0.4291,greedy-input,395,5362,0,350,0,0,30,0,15,2274,3007,81,91,5163,3322,400,29.747
comp-2007-2-23,6,400,1000,20,41,0.4291,greedy-random,423,5391,0,388,0,0,20,0,15,2230,3061,100,91,5136,3563,400,28.891
comp-2007-2-23,6,400,1000,20,41,0.4291,greedy-largest-degree,272,5048,0,232,0,2,22,0,16,2185,2811,52,84,4475,3640,400,28.585
comp-2007-2-23,6,400,1000,20,41,0.4291,greedy-dsatur,236,5486,0,196,0,2,24,0,14,2218,3217,51,80,4526,3838,400,40.800
comp-2007-2-23,6,400,1000,20,41,0.4291,descent(greedy-dsatur),135,5273,0,105,0,0,15,2,13,2223,2986,64,71,3976,4115,1000000,13291.983
comp-2007-2-23,6,400,1000,20,41,0.4291,sa(greedy-dsatur),153,5308,0,120,0,1,16,3,13,2239,3019,50,70,4021,3952,1000000,13315.073
comp-2007-2-23,7,400,1000,20,41,0.4291,random,4345,4943,0,4231,96,0,0,0,18,3015,1619,309,118,6518,3029,400,0.829
comp-2007-2-23,7,400,1000,20,41,0.4291,greedy-input,395,5362,0,350,0,0,30,0,15,2274,3007,81,91,5163,3322,400,29.394
comp-2007-2-23,7,400,1000,20,41,0.4291,greedy-random,453,5358,0,408,0,2,26,0,17,1945,3305,108,95,5250,3390,400,28.765
comp-2007-2-23,7,400,1000,20,41,0.4291,greedy-largest-degree,305,5355,0,264,0,1,21,0,19,2536,2750,69,82,4407,3478,400,29.229
comp-2007-2-23,7,400,1000,20,41,0.4291,greedy-dsatur,168,5232,0,135,0,1,19,0,13,2040,3106,86,71,3810,3670,400,29.584
comp-2007-2-23,7,400,1000,20,41,0.4291,descent(greedy-dsatur),113,4641,0,84,0,0,16,2,11,1896,2680,65,56,3019,3522,1000000,13067.954
comp-2007-2-23,7,400,1000,20,41,0.4291,sa(greedy-dsatur),93,4583,0,66,0,0,13,3,11,1844,2675,64,53,2875,3601,1000000,13033.300
comp-2007-2-23,8,400,1000,20,41,0.4291,random,4300,5161,0,4208,76,0,0,0,16,3085,1784,292,113,6205,2983,400,1.431
comp-2007-2-23,8,400,1000,20,41,0.4291,greedy-input,395,5362,0,350,0,0,30,0,15,2274,3007,81,91,5163,3322,400,35.353
comp-2007-2-23,8,400,1000,20,41,0.4291,greedy-random,467,5458,0,430,0,0,23,0,14,2440,2955,63,86,4766,3885,400,36.899
comp-2007-2-23,8,400,1000,20,41,0.4291,greedy-largest-degree,262,5407,0,227,0,3,18,0,14,2262,3091,54,71,3921,3799,400,50.303
comp-2007-2-23,8,400,1000,20,41,0.4291,greedy-dsatur,294,5764,0,254,0,2,21,0,17,2555,3092,117,94,5235,3602,400,31.844
comp-2007-2-23,8,400,1000,20,41,0.4291,descent(greedy-dsatur),158,4933,0,128,0,2,9,1,18,2280,2595,58,71,4186,3598,1000000,16180.604
comp-2007-2-23,8,400,1000,20,41,0.4291,sa(greedy-dsatur),151,5278,0,117,0,0,15,3,16,2422,2787,69,75,4087,3785,1000000,14302.457
comp-2007-2-23,9,400,1000,20,41,0.4291,random,4664,5090,0,4554,85,0,0,0,25,3380,1427,283,117,6513,2953,400,0.840
comp-2007-2-23,9,400,1000,20,41,0.4291,greedy-input,395,5362,0,350,0,0,30,0,15,2274,3007,81,91,5163,3322,400,31.039
comp-2007-2-23,9,400,1000,20,41,0.4291,greedy-random,451,5509,0,409,0,0,20,0,22,2196,3210,103,94,5473,3292,400,29.746
comp-2007-2-23,9,400,1000,20,41,0.4291,greedy-largest-degree,260,5336,0,224,0,0,21,0,15,2340,2933,63,80,4519,3605,400,29.917
comp-2007-2-23,9,400,1000,20,41,0.4291,greedy-dsatur,259,5087,0,223,0,1,18,0,17,2204,2809,74,72,4247,3832,400,31.889
comp-2007-2-23,9,400,1000,20,41,0.4291,descent(greedy-dsatur),126,4753,0,101,0,1,10,2,12,2143,2560,50,57,3489,3839,1000000,13747.575
comp-2007-2-23,9,400,1000,20,41,0.4291,sa(greedy-dsatur),120,4793,0,91,0,0,12,4,13,2031,2719,43,60,3492,3467,1000000,13462.696
comp-2007-2-23,10,400,1000,20,41,0.4291,random,4253,4509,0,4146,85,0,0,0,22,2603,1627,279,109,5992,3012,400,0.824
comp-2007-2-23,10,400,1000,20,41,0.4291,greedy-input,395,5362,0,350,0,0,30,0,15,2274,3007,81,91,5163,3322,400,30.596
comp-2007-2-23,10,400,1000,20,41,0.4291,greedy-random,427,5785,0,390,0,1,21,0,15,2551,3156,78,97,5633,3377,400,30.453
comp-2007-2-23,10,400,1000,20,41,0.4291,greedy-largest-degree,239,5357,0,208,0,2,16,0,13,2212,3062,83,69,3747,3884,400,30.523
comp-2007-2-23,10,400,1000,20,41,0.4291,greedy-dsatur,260,5627,0,230,0,0,17,0,13,2336,3201,90,74,4112,4158,400,30.843
comp-2007-2-23,10,400,1000,20,41,0.4291,descent(greedy-dsatur),137,5532,0,116,0,0,7,2,12,2542,2908,82,61,3435,3963,1000000,14538.433
comp-2007-2-23,10,400,1000,20,41,0.4291,sa(greedy-dsatur),115,5416,0,89,0,0,9,5,12,2321,3020,75,55,3154,4296,1000000,20676.110
comp-2007-2-24,1,400,1000,20,197,0.2869,random,2084,4074,0,1915,78,0,0,0,91,2580,412,1082,81,2563,2546,400,0.783
comp-2007-2-24,1,400,1000,20,197,0.2869,greedy-input,151,2946,0,85,0,1,13,0,52,1473,725,748,65,2182,2682,400,17.826
comp-2007-2-24,1,400,1000,20,197,0.2869,greedy-random,156,2719,0,85,0,1,9,0,61,1309,659,751,62,1992,2606,400,15.146
comp-2007-2-24,1,400,1000,20,197,0.2869,greedy-largest-degree,77,2897,0,36,0,0,11,0,30,1599,581,717,46,1452,2671,400,16.831
comp-2007-2-24,1,400,1000,20,197,0.2869,greedy-dsatur,63,2705,0,13,0,1,6,0,43,1334,723,648,41,1257,2716,400,13.609
comp-2007-2-24,1,400,1000,20,197,0.2869,descent(greedy-dsatur),42,2431,0,16,0,0,3,0,23,1285,535,611,30,953,2513,1000000,8890.681
comp-2007-2-24,1,400,1000,20,197,0.2869,sa(greedy-dsatur),32,2469,0,11,0,0,2,0,19,1309,556,604,26,775,2451,1000000,10022.390
comp-2007-2-24,2,400,1000,20,197,0.2869,random,1956,3847,0,1784,82,0,0,0,90,2390,436,1021,77,2551,2715,400,0.660
comp-2007-2-24,2,400,1000,20,197,0.2869,greedy-input,151,2946,0,85,0,1,13,0,52,1473,725,748,65,2182,2682,400,24.254
comp-2007-2-24,2,400,1000,20,197,0.2869,greedy-random,156,2805,0,89,0,0,11,0,56,1402,658,745,62,1998,2670,400,24.190
comp-2007-2-24,2,400,1000,20,197,0.2869,greedy-largest-degree,93,2619,0,37,0,0,11,0,45,1343,607,669,56,1623,2690,400,15.612
comp-2007-2-24,2,400,1000,20,197,0.2869,greedy-dsatur,66,2625,0,19,0,0,4,0,43,1226,722,677,40,1200,2699,400,15.899
comp-2007-2-24,2,400,1000,20,197,0.2869,descent(greedy-dsatur),37,2459,0,13,0,0,1,0,23,1311,558,590,30,928,2587,1000000,8713.134
comp-2007-2-24,2,400,1000,20,197,0.2869,sa(greedy-dsatur),24,2266,0,9,0,0,1,0,14,1241,504,521,21,660,2340,1000000,8424.946
comp-2007-2-24,3,400,1000,20,197,0.2869,random,1907,3394,0,1725,92,0,0,0,90,1940,494,960,79,2542,2465,400,0.516
comp-2007-2-24,3,400,1000,20,197,0.2869,greedy-input,151,2946,0,85,0,1,13,0,52,1473,725,748,65,2182,2682,400,19.370
comp-2007-2-24,3,400,1000,20,197,0.2869,greedy-random,132,2697,0,69,0,1,10,0,52,1408,596,693,57,1933,2719,400,13.157
comp-2007-2-24,3,400,1000,20,197,0.2869,greedy-largest-degree,86,2722,0,41,0,0,7,0,38,1326,687,709,51,1545,2633,400,16.120
comp-2007-2-24,3,400,1000,20,197,0.2869,greedy-dsatur,66,2606,0,19,0,0,3,0,44,1226,721,659,40,1200,2699,400,16.467
comp-2007-2-24,3,400,1000,20,197,0.2869,descent(greedy-dsatur),36,2426,0,15,0,0,0,1,20,1247,566,613,31,941,2411,1000000,8212.499
comp-2007-2-24,3,400,1000,20,197,0.2869,sa(greedy-dsatur),27,2343,0,11,0,0,0,1,15,1236,519,588,24,759,2377,1000000,7884.416
comp-2007-2-24,4,400,1000,20,197,0.2869,random,1939,4079,0,1740,92,0,0,0,107,2603,467,1009,86,2822,2721,400,0.660
comp-2007-2-24,4,400,1000,20,197,0.2869,greedy-input,151,2946,0,85,0,1,13,0,52,1473,725,748,65,2182,2682,400,12.515
comp-2007-2-24,4,400,1000,20,197,0.2869,greedy-random,139,2605,0,66,0,1,11,0,61,1264,652,689,69,2258,2475,400,13.896
comp-2007-2-24,4,400,1000,20,197,0.2869,greedy-largest-degree,83,2677,0,32,0,1,6,0,44,1349,687,641,51,1613,2545,400,12.958
comp-2007-2-24,4,400,1000,20,197,0.2869,greedy-dsatur,67,2558,0,17,0,0,3,0,47,1190,711,657,41,1239,2674,400,16.562
comp-2007-2-24,4,400,1000,20,197,0.2869,descent(greedy-dsatur),38,2453,0,12,0,0,1,0,25,1312,567,574,28,924,2502,1000000,7677.385
comp-2007-2-24,4,400,1000,20,197,0.2869,sa(greedy-dsatur),34,2231,0,13,0,0,1,1,19,1163,511,557,29,914,2270,1000000,7673.951
comp-2007-2-24,5,400,1000,20,197,0.2869,random,2248,4540,0,2068,81,0,0,0,99,3098,376,1066,79,2510,2454,400,0.433
comp-2007-2-24,5,400,1000,20,197,0.2869,greedy-input,151,2946,0,85,0,1,13,0,52,1473,725,748,65,2182,2682,400,20.500
comp-2007-2-24,5,400,1000,20,197,0.2869,greedy-random,147,2665,0,76,0,0,16,0,55,1291,650,724,63,2076,2543,400,13.936
comp-2007-2-24,5,400,1000,20,197,0.2869,greedy-largest-degree,75,2747,0,34,0,0,5,0,36,1481,572,694,48,1461,2718,400,15.571
comp-2007-2-24,5,400,1000,20,197,0.2869,greedy-dsatur,67,2558,0,17,0,0,3,0,47,1190,711,657,41,1239,2674,400,16.465
comp-2007-2-24,5,400,1000,20,197,0.2869,descent(greedy-dsatur),34,2394,0,14,0,0,3,0,17,1274,550,570,26,799,2382,1000000,8617.658
comp-2007-2-24,5,400,1000,20,197,0.2869,sa(greedy-dsatur),21,1932,0,7,0,0,2,0,12,987,423,522,20,644,2006,1000000,7693.050
comp-2007-2-24,6,400,1000,20,197,0.2869,random,1901,3838,0,1705,87,0,0,0,109,2444,404,990,82,2667,2434,400,1.025
comp-2007-2-24,6,400,1000,20,197,0.2869,greedy-input,151,2946,0,85,0,1,13,0,52,1473,725,748,65,2182,2682,400,11.944
comp-2007-2-24,6,400,1000,20,197,0.2869,greedy-random,134,2737,0,81,0,0,12,0,41,1336,685,716,63,2092,2572,400,11.586
comp-2007-2-24,6,400,1000,20,197,0.2869,greedy-largest-degree,84,2541,0,33,0,0,6,0,45,1263,611,667,50,1514,2373,400,12.287
comp-2007-2-24,6,400,1000,20,197,0.2869,greedy-dsatur,63,2705,0,13,0,1,6,0,43,1334,723,648,41,1257,2716,400,12.993
comp-2007-2-24,6,400,1000,20,197,0.2869,descent(greedy-dsatur),37,2614,0,14,0,0,3,0,20,1411,558,645,31,951,2570,1000000,7323.989
comp-2007-2-24,6,400,1000,20,197,0.2869,sa(greedy-dsatur),33,2423,0,12,0,0,4,0,17,1212,636,575,30,929,2389,1000000,7264.412
comp-2007-2-24,7,400,1000,20,197,0.2869,random,2058,3882,0,1864,86,0,0,0,108,2392,472,1018,87,2773,2669,400,0.465
comp-2007-2-24,7,400,1000,20,197,0.2869,greedy-input,151,2946,0,85,0,1,13,0,52,1473,725,748,65,2182,2682,400,11.564
comp-2007-2-24,7,400,1000,20,197,0.2869,greedy-random,158,2513,0,85,0,1,13,0,59,1271,583,659,73,2414,2378,400,11.591
comp-2007-2-24,7,400,1000,20,197,0.2869,greedy-largest-degree,77,2411,0,39,0,1,5,0,32,1242,534,635,50,1480,2511,400,11.961
comp-2007-2-24,7,400,1000,20,197,0.2869,greedy-dsatur,66,2606,0,19,0,0,3,0,44,1226,721,659,40,1200,2699,400,11.840
comp-2007-2-24,7,400,1000,20,197,0.2869,descent(greedy-dsatur),37,2516,0,13,0,0,0,0,24,1331,621,564,29,912,2589,1000000,7228.870
comp-2007-2-24,7,400,1000,20,197,0.2869,sa(greedy-dsatur),27,2270,0,9,0,0,3,0,15,1202,497,571,24,778,2357,1000000,7328.273
comp-2007-2-24,8,400,1000,20,197,0.2869,random,1800,4032,0,1629,85,0,0,0,86,2505,481,1046,80,2634,2363,400,0.447
comp-2007-2-24,8,400,1000,20,197,0.2869,greedy-input,151,2946,0,85,0,1,13,0,52,1473,725,748,65,2182,2682,400,11.495
comp-2007-2-24,8,400,1000,20,197,0.2869,greedy-random,152,2735,0,91,0,1,18,0,42,1417,623,695,58,1939,2577,400,14.236
comp-2007-2-24,8,400,1000,20,197,0.2869,greedy-largest-degree,86,2591,0,44,0,0,9,0,33,1322,600,669,54,1687,2573,400,12.239
comp-2007-2-24,8,400,1000,20,197,0.2869,greedy-dsatur,63,2705,0,13,0,1,6,0,43,1334,723,648,41,1257,2716,400,12.122
comp-2007-2-24,8,400,1000,20,197,0.2869,descent(greedy-dsatur),39,2519,0,13,0,1,3,0,22,1290,596,633,31,937,2538,1000000,7372.521
comp-2007-2-24,8,400,1000,20,197,0.2869,sa(greedy-dsatur),33,2406,0,11,0,0,4,0,18,1341,479,586,28,868,2456,1000000,7162.636
comp-2007-2-24,9,400,1000,20,197,0.2869,random,2067,4259,0,1877,83,0,0,0,107,2821,425,1013,73,2310,2438,400,0.435
comp-2007-2-24,9,400,1000,20,197,0.2869,greedy-input,151,2946,0,85,0,1,13,0,52,1473,725,748,65,2182,2682,400,12.171
comp-2007-2-24,9,400,1000,20,197,0.2869,greedy-random,150,2602,0,88,0,0,6,0,56,1318,581,703,62,2096,2575,400,11.800
comp-2007-2-24,9,400,1000,20,197,0.2869,greedy-largest-degree,79,2684,0,38,0,0,3,0,38,1458,530,696,43,1339,2664,400,11.792
comp-2007-2-24,9,400,1000,20,197,0.2869,greedy-dsatur,63,2705,0,13,0,1,6,0,43,1334,723,648,41,1257,2716,400,12.350
comp-2007-2-24,9,400,1000,20,197,0.2869,descent(greedy-dsatur),39,2463,0,12,0,1,3,0,23,1277,587,599,32,949,2493,1000000,7634.079
comp-2007-2-24,9,400,1000,20,197,0.2869,sa(greedy-dsatur),31,2298,0,13,0,0,0,1,17,1251,484,563,27,825,2318,1000000,7064.113
comp-2007-2-24,10,400,1000,20,197,0.2869,random,1954,4105,0,1778,78,0,0,0,98,2595,414,1096,75,2370,2563,400,0.509
comp-2007-2-24,10,400,1000,20,197,0.2869,greedy-input,151,2946,0,85,0,1,13,0,52,1473,725,748,65,2182,2682,400,11.572
comp-2007-2-24,10,400,1000,20,197,0.2869,greedy-random,146,2733,0,73,0,2,12,0,59,1434,621,678,65,2164,2630,400,12.193
comp-2007-2-24,10,400,1000,20,197,0.2869,greedy-largest-degree,88,2696,0,35,0,0,4,0,49,1346,666,684,49,1502,2681,400,11.573
comp-2007-2-24,10,400,1000,20,197,0.2869,greedy-dsatur,66,2606,0,19,0,0,3,0,44,1226,721,659,40,1200,2699,400,15.944
comp-2007-2-24,10,400,1000,20,197,0.2869,descent(greedy-dsatur),30,2410,0,12,0,0,2,0,16,1228,601,581,26,785,2530,1000000,7100.620
comp-2007-2-24,10,400,1000,20,197,0.2869,sa(greedy-dsatur),21,2263,0,10,0,0,0,0,11,1163,564,536,18,591,2268,1000000,7144.143
